"Name","alpha_error","decorr_coeff","distance_top_down","error_nb_updates","experiment_name","random_seed","symmetric_topdown","topdown","topdown_coeff","train_end_to_end","train_with_supervision","use_negative_samples","Created","Runtime","End Time","ID","Notes","State","Updated","Cosine Metrics/cross_class_mean_cosine","Cosine Metrics/ratio","Cosine Metrics/within_class_mean_cosine","Layerwise train losses/Final layer decorr loss","Layerwise train losses/Final layer pull loss","Layerwise train losses/Final layer push loss","Layerwise train losses/Layer 1 decorr loss","Layerwise train losses/Layer 1 pull loss","Layerwise train losses/Layer 1 push loss","Layerwise train losses/Layer 1 topdown loss","Layerwise train losses/Layer 2 decorr loss","Layerwise train losses/Layer 2 pull loss","Layerwise train losses/Layer 2 push loss","Layerwise train losses/Layer 2 topdown loss","Layerwise train losses/Layer 3 decorr loss","Layerwise train losses/Layer 3 pull loss","Layerwise train losses/Layer 3 push loss","Layerwise train losses/Layer 3 topdown loss","Layerwise train losses/Layer 4 decorr loss","Layerwise train losses/Layer 4 pull loss","Layerwise train losses/Layer 4 push loss","Layerwise train losses/Layer 4 topdown loss","Layerwise train losses/Layer 5 decorr loss","Layerwise train losses/Layer 5 pull loss","Layerwise train losses/Layer 5 push loss","Layerwise train losses/Layer 5 topdown loss","Layerwise train losses/Layer 6 decorr loss","Layerwise train losses/Layer 6 pull loss","Layerwise train losses/Layer 6 push loss","Layerwise train losses/Layer 6 topdown loss","Layerwise train losses/Layer 7 decorr loss","Layerwise train losses/Layer 7 pull loss","Layerwise train losses/Layer 7 push loss","Layerwise train losses/Layer 7 topdown loss","Layerwise validation losses/Final layer decorr loss","Layerwise validation losses/Final layer pull loss","Layerwise validation losses/Final layer push loss","Layerwise validation losses/Layer 1 decorr loss","Layerwise validation losses/Layer 1 pull loss","Layerwise validation losses/Layer 1 push loss","Layerwise validation losses/Layer 1 topdown loss","Layerwise validation losses/Layer 2 decorr loss","Layerwise validation losses/Layer 2 pull loss","Layerwise validation losses/Layer 2 push loss","Layerwise validation losses/Layer 2 topdown loss","Layerwise validation losses/Layer 3 decorr loss","Layerwise validation losses/Layer 3 pull loss","Layerwise validation losses/Layer 3 push loss","Layerwise validation losses/Layer 3 topdown loss","Layerwise validation losses/Layer 4 decorr loss","Layerwise validation losses/Layer 4 pull loss","Layerwise validation losses/Layer 4 push loss","Layerwise validation losses/Layer 4 topdown loss","Layerwise validation losses/Layer 5 decorr loss","Layerwise validation losses/Layer 5 pull loss","Layerwise validation losses/Layer 5 push loss","Layerwise validation losses/Layer 5 topdown loss","Layerwise validation losses/Layer 6 decorr loss","Layerwise validation losses/Layer 6 pull loss","Layerwise validation losses/Layer 6 push loss","Layerwise validation losses/Layer 6 topdown loss","Layerwise validation losses/Layer 7 decorr loss","Layerwise validation losses/Layer 7 pull loss","Layerwise validation losses/Layer 7 push loss","Layerwise validation losses/Layer 7 topdown loss","Loss/decorr_total_train_epoch","Loss/decorr_total_train_step","Loss/decorr_total_val","Loss/pull_total_train_epoch","Loss/pull_total_train_step","Loss/pull_total_val","Loss/push_total_train_epoch","Loss/push_total_train_step","Loss/push_total_val","Loss/topdown_total_train_epoch","Loss/topdown_total_train_step","Loss/topdown_total_val","Loss/train_loss_epoch","Loss/train_loss_step","Loss/val_loss","Manifold Metrics/global_radius","Manifold Metrics/mean_class_correlation","Manifold Metrics/mean_class_dim","Manifold Metrics/mean_class_radius","Performance/linear_readout_acc","Push Metrics/cosine_push","Push Metrics/kl_push","Push Metrics/swd_gaussian_push","Push Metrics/swd_hypercube_push","Push Metrics/swd_hypersphere_push","Push Metrics/uniformity_push","epoch","trainer/global_step","Tags"
"ext_detached_cbe_ag/lpl_local_top-down_errCorr_a2.0_2T","2","10","1","2","ext_detached_cbe_ag","7","false","true","1","false","false","false","2024-07-11T13:53:56.000Z","666","2024-07-11T14:05:02.000Z","l4eve2vs","-","finished","2024-07-11T14:05:02.000Z","-0.003157299710437655","11.155632972717283","0.03522167727351189","0.005880348850041628","1.3796074390411377","0.43493154644966125","0.026102423667907715","0.4100686013698578","1.330958127975464","0","0.016726931557059288","0.6567025184631348","0.7510443329811096","0","0.014350355602800846","0.7242151498794556","0.5994066596031189","0","0.01011713221669197","0.8372758030891418","0.5730023384094238","0","0.0087889414280653","0.9323638677597046","0.5180225372314453","0","0.01673954911530018","2.515939950942993","-0.10505198687314989","0","","","","","0.004393326118588448","1.2545154094696045","0.5299073457717896","0.026536932215094566","0.4170556664466858","1.3139407634735107","0","0.01674341969192028","0.6661456823348999","0.7412344217300415","0","0.011571713723242285","0.6757596731185913","0.6738035678863525","0","0.008823401294648647","0.8026418089866638","0.622748851776123","0","0.007180912885814905","0.8822851777076721","0.5849364399909973","0","0.012389658018946648","2.301528215408325","-0.007368295919150114","0","","","","","0.9870570302009584","0.9572089314460754","0.876393735408783","7.456174373626709","7.354465484619141","6.999931812286377","4.1023149490356445","4.130289554595947","4.459203243255615","0","0","0","12.545541763305664","12.44196319580078","12.335528373718262","13.057244300842283","0.9812099933624268","94.08541870117188","0.981694519519806","0.3824","0.7936009764671326","1.5189050436019895","2.7206196784973145","2.54638147354126","0.0026162390131503344","-0.43538105487823486","21","1729",""
"ext_detached_cbe/lpl_local_top-down_errCorr_a5.0_1T","5","10","1","1","ext_detached_cbe","69","false","true","1","false","false","false","2024-07-11T13:26:06.000Z","647","2024-07-11T13:36:53.000Z","27wv6qrr","-","finished","2024-07-11T13:36:53.000Z","-0.0010429684771224856","32.689693450927734","0.03409431874752045","0.005474185571074486","1.838060736656189","0.3250715434551239","0.026377100497484207","0.421924889087677","1.3108270168304443","0","0.014900784008204935","0.6904951930046082","0.7458196878433228","0","0.01296977698802948","0.751520574092865","0.6004443168640137","0","0.009784478694200516","0.8462418913841248","0.5900717973709106","0","0.010396115481853483","1.0744465589523315","0.4210463464260102","0","0.04114418476819992","3.6830615997314458","-0.4155491590499878","0","","","","","0.005534088239073753","1.8732060194015503","0.3104023039340973","0.026685819029808044","0.4202746450901031","1.3010892868041992","0","0.015860261395573616","0.7282479405403137","0.6938877701759338","0","0.012035530991852283","0.7266456484794617","0.6305956840515137","0","0.010443972423672676","0.8969354629516602","0.5286151766777039","0","0.010375863872468472","1.0998365879058838","0.4041285216808319","0","0.04305469989776611","3.808022737503052","-0.456464558839798","0","","","","","1.210465908050537","1.2795748710632324","1.239902377128601","9.305752754211426","9.291265487670898","9.553168296813965","3.5777316093444824","3.3848226070404053","3.4122538566589355","0","0","0","14.09394645690918","13.955663681030272","14.20532512664795","13.81250286102295","0.9716067314147948","101.81268310546876","0.98296719789505","0.3148","0.6187997460365295","0.8031096458435059","1.393089771270752","1.2490273714065552","0.002101984340697527","-0.8519238829612732","24","1969",""
"ext_detached_cbe/lpl_local_top-down_errCorr_a2.5_1T","2.5","10","1","1","ext_detached_cbe","69","false","true","1","false","false","false","2024-07-11T12:55:56.000Z","1649","2024-07-11T13:23:25.000Z","v7lrzsn6","-","finished","2024-07-11T13:23:25.000Z","-0.005770855117589235","14.595459938049316","0.0842282846570015","0.017527766525745392","0.6780811548233032","0.44644227623939514","0.02354629337787628","0.501604437828064","1.0964475870132446","0","0.01441822201013565","0.6937793493270874","0.6470044255256653","0","0.01311050821095705","0.7379556894302368","0.45423296093940735","0","0.01156873255968094","0.7919629812240601","0.4149766266345978","0","0.014340592548251152","0.7115329504013062","0.4183551967144013","0","0.014785239472985268","0.7351868748664856","0.42522501945495605","0","","","","","0.012737282551825048","0.6258406043052673","0.5545913577079773","0.024505510926246643","0.5180392861366272","1.0771890878677368","0","0.015057914890348911","0.7202943563461304","0.6195271611213684","0","0.010434506461024284","0.6930438876152039","0.5414076447486877","0","0.011027034372091292","0.780382513999939","0.43629327416419983","0","0.012953413650393486","0.6971524953842163","0.4491019546985626","0","0.012238610535860062","0.7066624760627747","0.478025496006012","0","","","","","1.0929735898971558","1.2352701425552368","0.9895427823066713","4.850104331970215","5.303615570068359","4.741415023803711","3.902683973312378","3.418698787689209","4.1561360359191895","0","0","0","9.845760345458984","9.957585334777832","9.887094497680664","13.62289047241211","0.9774105548858644","15.591513633728027","0.9584425091743468","0.4973","0.8983034491539001","3.380120038986206","6.478417873382568","6.33275842666626","0.00302085536532104","-0.20658934116363523","63","4999",""
"ext_detached_cbe/lpl_local_top-down_errCorr_a2.0_1T","2","10","1","1","ext_detached_cbe","69","false","true","1","false","false","false","2024-07-11T12:28:01.000Z","1661","2024-07-11T12:55:42.000Z","jykm6jyi","-","finished","2024-07-11T12:55:42.000Z","-0.006541457027196884","13.03961181640625","0.08529806137084961","0.017995484173297882","0.6808502674102783","0.42781439423561096","0.02354629337787628","0.5016043186187744","1.0964477062225342","0","0.014749704860150814","0.6894289255142212","0.6606132388114929","0","0.0134388143196702","0.7293457388877869","0.4624119997024536","0","0.01183368731290102","0.7762796878814697","0.415692538022995","0","0.014624051749706268","0.7202243804931641","0.40022045373916626","0","0.015263454057276247","0.7299429774284363","0.4062606990337372","0","","","","","0.016001222655177116","0.6748383045196533","0.4475606083869934","0.024505510926246643","0.5180392861366272","1.0771892070770264","0","0.01532225962728262","0.7109668254852295","0.6371811628341675","0","0.01167569775134325","0.7064782977104187","0.5114820003509521","0","0.010101240128278732","0.7418023347854614","0.4710704088211059","0","0.012297955341637136","0.6848343014717102","0.4596961438655853","0","0.013726803474128246","0.7116429805755615","0.439297080039978","0","","","","","1.1145150661468506","1.209381937980652","1.036306858062744","4.827676773071289","5.240466594696045","4.748602867126465","3.869461059570313","3.455169439315796","4.0434770584106445","0","0","0","9.811653137207031","9.905017852783203","9.828386306762695","14.213610649108888","0.974498689174652","15.27123737335205","0.9573556184768676","0.5052","0.8847028613090515","3.139871597290039","6.047689914703369","5.9187493324279785","0.0029621203429996967","-0.23523163795471191","63","4999",""
"ext_detached_cbe/lpl_local_top-down_errCorr_a1.5_1T","1.5","10","1","1","ext_detached_cbe","69","false","true","1","false","false","false","2024-07-11T12:00:02.000Z","1665","2024-07-11T12:27:47.000Z","3xsdr0mz","-","finished","2024-07-11T12:27:47.000Z","-0.003951134160161018","19.35322952270508","0.07646720856428146","0.017033493146300316","0.6872166991233826","0.4397983253002167","0.02354629337787628","0.501604437828064","1.0964475870132446","0","0.014975840225815771","0.6854743361473083","0.6754361987113953","0","0.01367521658539772","0.7222968339920044","0.47880446910858154","0","0.01189397368580103","0.7776245474815369","0.41974225640296936","0","0.01430733036249876","0.7256457209587097","0.407405138015747","0","0.01487734355032444","0.7349590063095093","0.4182412922382355","0","","","","","0.017372658476233482","0.7203257083892822","0.40244239568710327","0.024505509063601497","0.5180392861366272","1.0771890878677368","0","0.01500286441296339","0.6973262429237366","0.6661476492881775","0","0.013582088984549046","0.7315199971199036","0.4755558967590332","0","0.011196055449545383","0.7704541683197021","0.4358680248260498","0","0.012914794497191906","0.7159393429756165","0.43236488103866577","0","0.01472904533147812","0.7501935362815857","0.4057210087776184","0","","","","","1.1030950546264648","1.119350552558899","1.0930300951004028","4.8348212242126465","5.100100994110107","4.903798580169678","3.935875654220581","3.755573749542236","3.895289421081543","0","0","0","9.873791694641112","9.975025177001951","9.892117500305176","14.357769966125488","0.9750046133995056","15.819113731384276","0.963358461856842","0.4964","0.8759211897850037","2.9337198734283447","5.627080917358398","5.510923385620117","0.002924074186012149","-0.25361278653144836","63","4999",""
"ext_detached_cbe/lpl_local_top-down_errCorr_a1.0_1T","1","10","1","1","ext_detached_cbe","69","false","true","1","false","false","false","2024-07-11T11:30:10.000Z","1688","2024-07-11T11:58:18.000Z","80ma7hwy","-","finished","2024-07-11T11:58:18.000Z","-0.004908285103738308","15.846229553222656","0.07777781039476395","0.01719922013580799","0.6855533719062805","0.4443473815917969","0.02354629337787628","0.501604437828064","1.0964475870132446","0","0.015114412643015385","0.6813798546791077","0.693732500076294","0","0.014118117280304432","0.7122424840927124","0.4953460395336151","0","0.012184067629277706","0.7672362923622131","0.4295004904270172","0","0.014405460096895696","0.7182347774505615","0.4225282967090606","0","0.01485145092010498","0.7242283225059509","0.4295469224452973","0","","","","","0.014017769135534763","0.6558741927146912","0.5032092928886414","0.024505510926246643","0.5180392861366272","1.0771892070770264","0","0.01492929644882679","0.6913391351699829","0.6888283491134644","0","0.013064032420516014","0.699146032333374","0.5269056558609009","0","0.011242806911468506","0.7498851418495178","0.4614207446575165","0","0.012543216347694395","0.6913431882858276","0.47066113352775574","0","0.012517830356955528","0.6975736618041992","0.47883710265159607","0","","","","","1.1141901016235352","1.1564875841140747","1.0282046794891355","4.7904791831970215","5.113656520843506","4.703199863433838","4.011448860168457","3.768864870071411","4.2070512771606445","0","0","0","9.916119575500488","10.03900909423828","9.938457489013672","13.509994506835938","0.9726844429969788","16.662460327148438","0.96149742603302","0.4881","0.864751935005188","2.4298510551452637","4.565503120422363","4.413305282592773","0.002882117871195078","-0.2772146761417389","63","4999",""
"ext_detached_cbe/lpl_local_top-down_errCorr_a0.7_1T","0.7","10","1","1","ext_detached_cbe","69","false","true","1","false","false","false","2024-07-11T11:02:38.000Z","1639","2024-07-11T11:29:57.000Z","aj0umnpo","-","finished","2024-07-11T11:29:57.000Z","-0.005873756483197212","13.92255687713623","0.08177770674228668","0.016269970685243607","0.6823851466178894","0.4640396237373352","0.02354629337787628","0.501604437828064","1.0964475870132446","0","0.015061992220580578","0.6821356415748596","0.7052037715911865","0","0.014617672190070152","0.7020611763000488","0.5186618566513062","0","0.012184645980596542","0.7604722380638123","0.4443166255950928","0","0.013900429010391235","0.7161480188369751","0.44086605310440063","0","0.014454004354774952","0.7213785648345947","0.44329556822776794","0","","","","","0.013656402938067911","0.6600145101547241","0.5120777487754822","0.024505510926246643","0.5180392861366272","1.0771889686584473","0","0.014784361235797404","0.6858905553817749","0.708349347114563","0","0.014226443134248257","0.7052323222160339","0.5247189402580261","0","0.012528251856565475","0.7835397720336914","0.4227381944656372","0","0.0127439983189106","0.708565354347229","0.46272027492523193","0","0.011761241592466831","0.6938539743423462","0.5005638003349304","0","","","","","1.1003501415252686","1.1450834274291992","1.0420620441436768","4.7661848068237305","4.99705171585083","4.755136013031006","4.1128315925598145","3.888582229614258","4.208357334136963","0","0","0","9.979365348815918","10.030716896057127","10.005555152893066","11.661415100097656","0.968923032283783","16.881744384765625","0.958694875240326","0.4874","0.8554253578186035","1.8831788301467896","3.322115898132324","3.0996322631835938","0.002843259833753109","-0.2968946695327759","63","4999",""
"ext_detached_cbe/lpl_local_top-down_errCorr_a0.5_1T","0.5","10","1","1","ext_detached_cbe","69","false","true","1","false","false","false","2024-07-11T10:35:45.000Z","1600","2024-07-11T11:02:25.000Z","u4r8kyna","-","finished","2024-07-11T11:02:25.000Z","-0.005358724854886532","14.444974899291992","0.07740664482116699","0.016114896163344383","0.6690035462379456","0.4988224506378174","0.023546291515231133","0.5016043186187744","1.096447467803955","0","0.015073908492922785","0.6814327836036682","0.7189728021621704","0","0.01483321748673916","0.6901159286499023","0.5443289875984192","0","0.012194551527500153","0.7554593086242676","0.4600030183792114","0","0.013668950647115707","0.7116597890853882","0.45859643816947937","0","0.014705665409564972","0.7174477577209473","0.4605538845062256","0","","","","","0.01053001917898655","0.6005709171295166","0.6262527704238892","0.024505510926246643","0.5180392861366272","1.0771892070770264","0","0.015163510106503963","0.690047562122345","0.7126430869102478","0","0.01552566234022379","0.7094401121139526","0.5236521363258362","0","0.01268952526152134","0.7845862507820129","0.430102676153183","0","0.012540106661617756","0.7099789977073669","0.47321680188179016","0","0.010374754667282104","0.6673717498779297","0.5521673560142517","0","","","","","1.101374626159668","1.177289962768555","1.0132907629013062","4.7267231941223145","4.987895488739014","4.68003511428833","4.237724781036377","3.9127676486968994","4.395224571228027","0","0","0","10.065823554992676","10.077953338623049","10.08854866027832","9.89339542388916","0.9723812937736512","17.54926872253418","0.9613953232765198","0.4778","0.8555014133453369","1.55841326713562","2.5225863456726074","2.230787754058838","0.002842459362000227","-0.2969200313091278","63","4999",""
"ext_detached_cbe/lpl_local_top-down_errCorr_a0.3_1T","0.3","10","1","1","ext_detached_cbe","69","false","true","1","false","false","false","2024-07-11T10:08:28.000Z","1623","2024-07-11T10:35:31.000Z","ragi08u4","-","finished","2024-07-11T10:35:31.000Z","-0.006474101450294256","13.250055313110352","0.08578220009803772","0.015559950843453407","0.6693676114082336","0.49587610363960266","0.023546291515231133","0.501604437828064","1.0964475870132446","0","0.01501735020428896","0.6807822585105896","0.7312152981758118","0","0.015464027412235737","0.684679388999939","0.5530125498771667","0","0.012817607261240482","0.7628237009048462","0.4465540647506714","0","0.014131661504507065","0.7266393899917603","0.4376284182071686","0","0.014168119058012962","0.7217559814453125","0.4583100080490112","0","","","","","0.018193038180470467","0.7664661407470703","0.3746433854103088","0.024505509063601497","0.5180392861366272","1.0771892070770264","0","0.01514994166791439","0.6881322860717773","0.7267600297927856","0","0.016809357330203056","0.7184961438179016","0.5116455554962158","0","0.015185191296041012","0.8302050828933716","0.36623653769493103","0","0.018249990418553352","0.8277843594551086","0.3111673593521118","0","0.0171445794403553","0.8268192410469055","0.33223581314086914","0","","","","","1.1070500612258911","1.0050923824310305","1.2523760795593262","4.747652530670166","4.646478652954102","5.175942420959473","4.219044208526611","4.500449180603027","3.6998777389526367","0","0","0","10.07374668121338","10.152020454406738","10.128195762634276","10.59259033203125","0.9732920527458192","16.878652572631836","0.9564291834831238","0.4775","0.8656992316246033","1.7985085248947144","3.0462112426757812","2.7797839641571045","0.002884271554648876","-0.27519285678863525","63","4999",""
"ext_detached_cbe/lpl_local_top-down_errCorr_a0.2_1T","0.2","10","1","1","ext_detached_cbe","69","false","true","1","false","false","false","2024-07-11T09:33:56.000Z","2057","2024-07-11T10:08:13.000Z","dxoohas4","-","finished","2024-07-11T10:08:13.000Z","-0.006294866092503071","13.91160488128662","0.08757168799638748","0.015383769758045672","0.6674510836601257","0.5132882595062256","0.02354629337787628","0.5016043782234192","1.096447467803955","0","0.01482918206602335","0.6830776333808899","0.7373064160346985","0","0.015623804181814194","0.6823168396949768","0.5702455639839172","0","0.012779000215232372","0.7592148184776306","0.4619974493980408","0","0.013921036384999752","0.7268426418304443","0.4573564529418946","0","0.014275182969868183","0.7241491079330444","0.4716165363788605","0","","","","","0.015257216058671474","0.7100329399108887","0.46046900749206543","0.02450551651418209","0.5180392861366272","1.0771892070770264","0","0.015101996250450613","0.6938436627388","0.7268680930137634","0","0.01682206615805626","0.711292564868927","0.5345115065574646","0","0.014490141533315182","0.8077901601791382","0.4034374952316284","0","0.016497289761900902","0.7921035289764404","0.3655984103679657","0","0.013747398741543291","0.7615081071853638","0.43172603845596313","0","","","","","1.1035828590393066","1.0612387657165527","1.164216160774231","4.744656562805176","4.761162281036377","4.994609832763672","4.308258533477783","4.383876800537109","3.999799966812134","0","0","0","10.156498908996582","10.20627784729004","10.158625602722168","9.608912467956545","0.964402437210083","17.446535110473633","0.9554044008255004","0.4679","0.8316844701766968","1.3779069185256958","2.086939811706543","1.7837624549865725","0.0027568757068365812","-0.34804096817970276","63","4999",""
"ext_detached_cbe/lpl_local_top-down_errCorr_a0.05_1T","0.05","10","1","1","ext_detached_cbe","69","false","true","1","false","false","false","2024-07-11T08:59:54.000Z","2031","2024-07-11T09:33:45.000Z","7y5epe0x","-","finished","2024-07-11T09:33:45.000Z","-0.0055276378989219666","15.13625717163086","0.08366774767637253","0.016467260196805","0.698921799659729","0.4684546887874603","0.02354629337787628","0.5016043782234192","1.0964475870132446","0","0.014895392581820488","0.6822160482406616","0.7508870959281921","0","0.015932146459817886","0.6848488450050354","0.5864428281784058","0","0.012834900058805944","0.7507830262184143","0.48053500056266785","0","0.013812605291604996","0.7232846617698669","0.46686801314353943","0","0.01438225619494915","0.7362273931503296","0.4555052518844605","0","","","","","0.01512595359236002","0.6856673955917358","0.4919222295284271","0.024505510926246643","0.5180392861366272","1.0771890878677368","0","0.015244754031300545","0.6922702193260193","0.7413843274116516","0","0.017193712294101715","0.7166219353675842","0.5447609424591064","0","0.01395285688340664","0.7867656350135803","0.4375038146972656","0","0.014592801220715046","0.750557541847229","0.4305897057056427","0","0.013349366374313831","0.7303036451339722","0.46715888381004333","0","","","","","1.118708610534668","1.2009317874908447","1.139649510383606","4.777885913848877","5.153815269470215","4.88022518157959","4.305140495300293","3.923372268676758","4.19050931930542","0","0","0","10.201736450195312","10.278119087219238","10.210384368896484","8.979592323303223","0.9571484923362732","16.19807243347168","0.9582872986793518","0.4655","0.8066444993019104","1.193976879119873","1.6576188802719116","1.3314989805221558","0.002670438727363944","-0.4020824730396271","63","4999",""
"ext_psw/lpl_local_top-down_sym_dist3_tdcross","0.1","10","3","1","ext_psw","3407","true","true","1","false","false","false","2024-07-10T15:47:08.000Z","1476","2024-07-10T16:11:44.000Z","r3nz3cty","-","finished","2024-07-10T16:11:44.000Z","-0.003409699071198702","23.63213157653809","0.08057845383882523","0.012809022329747677","0.787171483039856","1.0705622434616089","0.013704368844628334","0.39059513807296753","1.365290284156799","0.30966177582740784","0.009863607585430144","0.4589076638221741","1.2289780378341677","0.3222046196460724","0.008996168151497841","0.474421888589859","1.179792404174805","0.3253938853740692","0.00750530045479536","0.4791336953639984","1.1413395404815674","0.3393038809299469","0.007618838455528021","0.4590041935443878","1.1370769739151","0.35119637846946716","0.012442807666957378","0.750519871711731","0.6910505294799805","0","0.014651844277977943","0.7129197120666504","0.7238917350769043","0","0.0076941512525081635","0.6393012404441833","1.266066551208496","0.014205710031092169","0.3936547636985779","1.3425123691558838","0.31441500782966614","0.010915225371718408","0.48052313923835754","1.1685246229171753","0.3428380489349365","0.010814276523888113","0.5320471525192261","1.0669443607330322","0.3688109517097473","0.009123318828642368","0.5383960008621216","1.0162827968597412","0.38197022676467896","0.007891361601650715","0.4835299849510193","1.0923861265182495","0.3619070053100586","0.00609296839684248","0.59297776222229","0.931882917881012","0","0.005919117014855146","0.5279626250267029","1.0181288719177246","0","0.8759195804595947","0.8441765308380127","0.7265613675117493","4.512673854827881","4.463140964508057","4.1883931159973145","8.537981986999512","8.474384307861328","8.902729034423828","1.647760272026062","1.7147424221038818","1.7699412107467651","15.574334144592283","15.49644374847412","15.587621688842772","16.76117706298828","0.9390265941619872","16.337247848510742","0.9608004689216614","0.4011","0.5642669796943665","1.0959444046020508","1.6810022592544556","1.6588302850723269","0.001963786082342267","-0.9460217952728271","63","4999",""
"ext_psw/lpl_local_top-down_asym_dist3_tdcross","0.1","10","3","1","ext_psw","3407","false","true","1","false","false","false","2024-07-10T15:22:46.000Z","1450","2024-07-10T15:46:56.000Z","2w2kvehv","-","finished","2024-07-10T15:46:56.000Z","-0.0033806925639510155","23.679119110107425","0.08005182445049286","0.011951327323913574","0.7632776498794556","1.2516075372695925","0.01383111160248518","0.3918282985687256","1.3621952533721924","0.30958041548728943","0.009881657548248768","0.45755302906036377","1.2324138879776","0.32439741492271423","0.00915470626205206","0.4761276245117187","1.1780141592025757","0.3255052864551544","0.007530746981501579","0.4846646785736084","1.1259275674819946","0.34253591299057007","0.007649797480553389","0.4641430079936981","1.1132898330688477","0.35689830780029297","0.012022399343550203","0.7495700120925903","0.669019877910614","0","0.013872438110411167","0.7216656804084778","0.6699423789978027","0","0.008125778287649155","0.6703550815582275","1.3739639520645142","0.0142766572535038","0.3941086530685425","1.341541767120361","0.3187057673931122","0.010812660679221152","0.4777756929397583","1.1763999462127686","0.3452012836933136","0.01057235524058342","0.5214199423789978","1.089893102645874","0.35897761583328247","0.00875640194863081","0.5372267365455627","1.025022029876709","0.37922465801239014","0.008023567497730255","0.49142125248909","1.0627171993255615","0.37014541029930115","0.007060034200549126","0.6332343220710754","0.8543578386306763","0","0.0072874329052865505","0.5758900046348572","0.8970971703529358","0","0.8589417934417725","0.8778459429740906","0.7491489052772522","4.508829593658447","4.579059600830078","4.301431655883789","8.602411270141602","8.46292495727539","8.820992469787598","1.6589174270629885","1.7871822118759155","1.7722547054290771","15.629101753234863","15.707012176513672","15.643826484680176","16.9243221282959","0.9596980810165404","17.171812057495117","0.9620417356491088","0.3957","0.6404910087585449","1.4633780717849731","2.2692365646362305","2.2517387866973877","0.002172625390812754","-0.7643773555755615","63","4999",""
"ext_psw/lpl_local_top-down_sym_dist3_td-inbranch","0.1","10","3","1","ext_psw","3407","true","true","1","false","false","false","2024-07-10T14:57:52.000Z","1479","2024-07-10T15:22:31.000Z","q51cjhdg","-","finished","2024-07-10T15:22:31.000Z","-0.002720503369346261","35.796356201171875","0.09738410264253616","0.014439384452998638","0.8212825059890747","0.9711340069770812","0.014511601068079472","0.4054592251777649","1.3314480781555176","0.25015994906425476","0.01058286428451538","0.4738454520702362","1.1970397233963013","0.24932841956615448","0.009439116343855858","0.49450817704200745","1.153478741645813","0.2280236184597015","0.008252841420471668","0.5248258113861084","1.080051302909851","0.24374893307685852","0.008049389347434044","0.5105246901512146","1.1155368089675903","0.2890596091747284","0.015353123657405376","0.8051003217697144","0.6800808310508728","0","0.017699455842375755","0.7830055952072144","0.6244692206382751","0","0.00964263454079628","0.6580893397331238","1.1121896505355835","0.015071925707161428","0.40881484746932983","1.3073338270187378","0.248907133936882","0.012560156174004078","0.5098898410797119","1.110037088394165","0.27782195806503296","0.0132497176527977","0.5861291289329529","0.9729251861572266","0.3092806339263916","0.00995152536779642","0.6043143272399902","0.9204294681549072","0.30775943398475647","0.006566771771758795","0.5115794539451599","1.0853290557861328","0.29862868785858154","0.004433399997651577","0.5284696221351624","1.0706727504730225","0","0.006414307281374931","0.5259832739830017","1.0103278160095217","0","0.9832777976989746","1.1113460063934326","0.778904378414154","4.818551540374756","5.47820520401001","4.333270072937012","8.153238296508789","7.090427875518799","8.589245796203613","1.260320782661438","1.5236501693725586","1.4423978328704834","15.215389251708984","15.20362949371338","15.143816947937012","16.23512077331543","0.9725821614265442","14.550679206848145","0.9530092477798462","0.3908","0.7767042517662048","2.2532949447631836","4.089892387390137","4.0495805740356445","0.002578779822215438","-0.45336371660232544","63","4999",""
"ext_psw/lpl_local_top-down_asym_dist3_td-inbranch","0.1","10","3","1","ext_psw","3407","false","true","1","false","false","false","2024-07-10T14:33:26.000Z","1454","2024-07-10T14:57:40.000Z","3mxuymak","-","finished","2024-07-10T14:57:40.000Z","-0.005017376039177179","17.29203224182129","0.08676063269376755","0.013957901857793331","0.8013559579849243","1.0675452947616575","0.014583415351808071","0.4031071066856384","1.3338291645050049","0.24906598031520844","0.01088016014546156","0.4750155508518219","1.1957741975784302","0.2506793737411499","0.010079273954033852","0.5069489479064941","1.1174782514572144","0.2222587764263153","0.008814917877316475","0.5444486141204834","1.0223054885864258","0.23930874466896057","0.00836190301924944","0.5265244245529175","1.0249415636062622","0.27855727076530457","0.013384394347667694","0.7918151617050171","0.6264292001724243","0","0.015152384527027609","0.7602028250694275","0.6150145530700684","0","0.008904731832444668","0.6545616984367371","1.246039867401123","0.015048994682729244","0.4051534235477447","1.3128060102462769","0.25302115082740784","0.012179807759821417","0.4969307482242584","1.1326249837875366","0.2694728672504425","0.013314017094671726","0.5717597007751465","0.988243281841278","0.2740907371044159","0.011056162416934969","0.6077763438224792","0.8994928002357483","0.2835530638694763","0.008247925899922848","0.5419536828994751","0.9907503128051758","0.2922312617301941","0.007558492477983236","0.6599835753440857","0.816145122051239","0","0.00910632126033306","0.6361321210861206","0.7933230400085449","0","0.952143371105194","0.9852715730667114","0.8541645407676697","4.809417724609375","4.911827564239502","4.574251174926758","8.003316879272461","7.871878147125244","8.179425239562988","1.2398701906204224","1.4031572341918943","1.3723690509796145","15.004753112792969","15.172134399414062","14.980209350585938","17.017004013061523","0.9753406047821044","15.756972312927246","0.9573884606361388","0.3958","0.7733191847801208","2.3745341300964355","4.230648517608643","4.2183990478515625","0.0025634265039116144","-0.4672598838806152","63","4999",""
"ext_psw/lpl_local_top-down_sym_dist2_tdcross","0.1","10","2","1","ext_psw","3407","true","true","1","false","false","false","2024-07-10T14:08:30.000Z","1483","2024-07-10T14:33:13.000Z","bkmvyfhd","-","finished","2024-07-10T14:33:13.000Z","-0.008414318785071373","9.830802917480469","0.08271951228380203","0.011893141083419325","0.814875066280365","1.0660570859909058","0.012458248063921928","0.377038836479187","1.406283617019653","0.2993672788143158","0.008965912275016308","0.447836697101593","1.287839651107788","0.32039159536361694","0.008313841186463833","0.47978898882865906","1.215740442276001","0.33562248945236206","0.007595578674226999","0.5174586176872253","1.1235954761505127","0.37067341804504395","0.00837690383195877","0.4980657398700714","1.1126023530960083","0.3654103875160218","0.007433895952999592","0.5105957984924316","1.1170079708099363","0.36931905150413513","0.012740145437419416","0.7346683144569397","0.728473424911499","0","0.010881656780838966","0.7287801504135132","1.153514385223389","0.013466275297105312","0.3949643671512604","1.3711642026901243","0.3120861351490021","0.00791736226528883","0.4229279756546021","1.3262650966644287","0.3035179674625397","0.007038421463221312","0.4505656659603119","1.2666319608688354","0.3173849880695343","0.004903519060462713","0.441485196352005","1.2766562700271606","0.31389737129211426","0.005613382905721664","0.4347081482410431","1.2501816749572754","0.319614440202713","0.004525681957602501","0.4296711385250091","1.2911067008972168","0.30921539664268494","0.006553465500473976","0.5609129071235657","0.997466504573822","0","0.7777766585350037","0.7045314311981201","0.608997642993927","4.3803277015686035","4.099892616271973","3.864015579223633","9.057600021362305","9.580906867980955","9.93298625946045","2.060784339904785","1.961036801338196","1.8757164478302","16.276491165161133","16.34636878967285","16.281715393066406","17.022533416748047","0.8262098431587219","15.294970512390137","0.955509603023529","0.3597","0.29947489500045776","0.6072956323623657","0.699903666973114","0.6786034107208252","0.0012633998412638905","-1.7079896926879885","63","4999",""
"ext_psw/lpl_local_top-down_asym_dist2_tdcross","0.1","10","2","1","ext_psw","3407","false","true","1","false","false","false","2024-07-10T13:43:52.000Z","1463","2024-07-10T14:08:15.000Z","1lrdli8i","-","finished","2024-07-10T14:08:15.000Z","-0.008104349486529827","9.743169784545898","0.0789620503783226","0.01177940797060728","0.8032207489013672","1.0718284845352173","0.01248981524258852","0.3771257698535919","1.4060733318328855","0.3009014427661896","0.008902369067072868","0.4488576054573059","1.2800476551055908","0.3210693895816803","0.008267367258667946","0.4784633815288544","1.2163277864456177","0.33568426966667175","0.007483428809791803","0.5068911910057068","1.1452347040176392","0.3636753261089325","0.00809108279645443","0.490327924489975","1.133131742477417","0.3595115542411804","0.007068372331559658","0.5113469958305359","1.1360353231430054","0.3668462634086609","0.011772737838327885","0.7380879521369934","0.7408119440078735","0","0.009890515357255936","0.725925087928772","1.1487499475479126","0.013481022790074348","0.3952488601207733","1.3707568645477295","0.301983118057251","0.008209372870624065","0.4310366213321686","1.305707931518555","0.3031942844390869","0.007020333781838417","0.4486342668533325","1.26695454120636","0.31251275539398193","0.004922586027532816","0.43431201577186584","1.2957258224487305","0.30721738934516907","0.0057527837343513966","0.4257185161113739","1.2728267908096311","0.3103981614112854","0.004343817010521889","0.4220808446407318","1.3342307806015017","0.29641178250312805","0.006338583771139383","0.5578860640525818","1.0149917602539062","0","0.7585458159446716","0.6954535841941833","0.5995901226997375","4.354321479797363","4.103079319000244","3.840841770172119","9.129491806030272","9.529814720153809","10.009943962097168","2.047688245773315","2.0324554443359375","1.8317171335220337","16.29004669189453","16.360803604125977","16.282094955444336","17.072280883789062","0.8362231254577637","15.424964904785156","0.958158016204834","0.3612","0.34029054641723633","0.6534139513969421","0.8104079961776733","0.7919870615005493","0.001377566484734416","-1.577387452125549","63","4999",""
"ext_psw/lpl_local_top-down_sym_dist2_td-inbranch","0.1","10","2","1","ext_psw","3407","true","true","1","false","false","false","2024-07-10T13:19:03.000Z","1476","2024-07-10T13:43:39.000Z","ln2au29p","-","finished","2024-07-10T13:43:39.000Z","-0.006932420656085014","11.097419738769531","0.07693198323249817","0.012044956907629968","0.8019195795059204","1.077469825744629","0.013273600488901138","0.39332157373428345","1.3707386255264282","0.233353927731514","0.00920560397207737","0.4661152958869934","1.25000262260437","0.2711358666419983","0.009459408931434156","0.5110053420066833","1.1662442684173584","0.29057440161705017","0.008390309289097786","0.5294643640518188","1.0984522104263306","0.3155854642391205","0.008681918494403362","0.5388785004615784","1.05013108253479","0.26547613739967346","0.00888581108301878","0.5723062753677368","1.0106064081192017","0.2893064618110657","0.015660539269447327","0.8049896359443665","0.656130850315094","0","0.013087783940136433","0.7994083166122437","1.0454039573669434","0.014372349716722964","0.4114246070384979","1.3353149890899658","0.24662543833255768","0.008497338742017746","0.4468297362327576","1.2730045318603516","0.2629093527793884","0.007573251146823168","0.4779177606105805","1.221009612083435","0.274549275636673","0.006259023677557707","0.47657158970832825","1.2000433206558228","0.28617772459983826","0.0062918588519096375","0.4667554199695587","1.190335392951965","0.2399326115846634","0.0053714364767074585","0.4627625346183777","1.2229485511779783","0.22668574750423431","0.007832424715161324","0.6041913628578186","0.924466907978058","0","0.8560214638710022","0.71303790807724","0.6928547620773315","4.618000030517578","4.197442531585693","4.145861625671387","8.67977523803711","9.36480712890625","9.41252613067627","1.665432333946228","1.5993306636810305","1.5368800163269043","15.81923007965088","15.874618530273438","15.788122177124023","18.25515365600586","0.9342710375785828","13.692779541015623","0.959837019443512","0.3714","0.5757843255996704","1.2533926963806152","2.0304458141326904","2.0543596744537354","0.0020026646088808775","-0.9291704893112184","63","4999",""
"ext_psw/lpl_local_top-down_asym_dist2_td-inbranch","0.1","10","2","1","ext_psw","3407","false","true","1","false","false","false","2024-07-10T12:55:15.000Z","1415","2024-07-10T13:18:50.000Z","2ewwz59f","-","finished","2024-07-10T13:18:50.000Z","-0.007399046327918768","11.989968299865724","0.08871433138847351","0.012420391663908958","0.7488634586334229","1.6853200197219849","0.01322457566857338","0.39218592643737793","1.3719151020050049","0.23618675768375397","0.009081670083105564","0.4684615433216095","1.2454097270965576","0.2731543779373169","0.00923178344964981","0.5206074714660645","1.1574716567993164","0.2949456572532654","0.00810178741812706","0.5269186496734619","1.1157230138778689","0.31039896607398987","0.008652585558593273","0.539440393447876","1.0688453912734983","0.26611077785491943","0.009079521521925926","0.5752801299095154","1.0282057523727417","0.2953554093837738","0.01587637886404991","0.8031444549560547","0.6478064656257629","0","0.013348196633160114","0.6789345741271973","1.7537952661514282","0.014265581034123898","0.4102244973182678","1.3372070789337158","0.24108022451400757","0.008581521920859814","0.4516545534133911","1.2641444206237793","0.26024129986763","0.007889889180660248","0.48792314529418945","1.1998894214630127","0.27575671672821045","0.006365293636918068","0.4773965775966644","1.20595121383667","0.283488929271698","0.006493174005299807","0.4588887095451355","1.2212088108062744","0.23182746767997744","0.0054945875890553","0.44827356934547424","1.2777398824691772","0.21682743728160855","0.009626160375773908","0.6160573959350586","0.897599995136261","0","0.8566869497299194","0.7979199886322021","0.7206440567970276","4.574901580810547","4.26473331451416","4.029353141784668","9.320696830749512","9.740896224975586","10.157536506652832","1.676151990890503","1.7000478506088257","1.5092220306396484","16.428438186645508","16.503597259521484","16.41675567626953","16.631587982177734","0.9575826525688172","11.514286041259766","0.9542060494422911","0.3653","0.6945372819900513","1.906254291534424","2.732435703277588","2.695145845413208","0.0023317253217101097","-0.642937183380127","63","4999",""
"ext_psw/lpl_local_top-down_sym_dist1_tdcross","0.1","10","1","1","ext_psw","3407","true","true","1","false","false","false","2024-07-10T12:30:31.000Z","1471","2024-07-10T12:55:02.000Z","5318r0k1","-","finished","2024-07-10T12:55:02.000Z","-0.00006346362351905555","1161.5059814453125","0.07371337711811066","0.012834515422582626","0.8355770707130432","0.6914056539535522","0.013396617025136948","0.3804922997951507","1.3752453327178955","0.3190418481826782","0.01046478282660246","0.45076727867126465","1.229343056678772","0.33425894379615784","0.009027897380292416","0.4737917482852936","1.1887900829315186","0.346472829580307","0.006888686213642359","0.4902806878089905","1.1635100841522217","0.35579901933670044","0.007338626775890589","0.4644235074520111","1.1631250381469729","0.35815200209617615","0.007231053430587053","0.4985505938529968","1.1290409564971924","0.37422633171081543","0.00937120895832777","0.5005797147750854","1.0972434282302856","0.3845153748989105","0.009296453557908537","0.7021995782852173","0.865616500377655","0.013347314670681952","0.3906685709953308","1.3816843032836914","0.3185243308544159","0.010026305913925173","0.4557724595069885","1.2406240701675415","0.3307705521583557","0.008838123641908169","0.4686643183231354","1.209872841835022","0.3366987109184265","0.007481604814529419","0.4889147877693176","1.1609355211257937","0.35535797476768494","0.007807140238583088","0.4608292877674103","1.1615697145462036","0.3558712899684906","0.005724288523197174","0.4561078548431397","1.206729769706726","0.3389734923839569","0.005034678615629673","0.40337517857551575","1.3128262758255005","0.30009156465530396","0.7655338644981384","0.9317720532417296","0.6755591034889221","4.094463348388672","4.585155963897705","3.826531648635864","9.03770351409912","8.079793930053711","9.539859771728516","2.472465991973877","2.8028457164764404","2.3362879753112793","16.370166778564453","16.399566650390625","16.378238677978516","16.209232330322266","0.310506671667099","12.624918937683104","0.968365490436554","0.3581","0.0934983491897583","0.19371721148490903","0.2472885251045227","0.2194337099790573","0.0005905042053200305","-2.6464297771453857","63","4999",""
"ext_psw/lpl_local_top-down_asym_dist1_tdcross","0.1","10","1","1","ext_psw","3407","false","true","1","false","false","false","2024-07-10T12:05:51.000Z","1465","2024-07-10T12:30:16.000Z","499yxxw9","-","finished","2024-07-10T12:30:16.000Z","0.0013878142926841974","52.57084655761719","0.0729585736989975","0.013287792913615704","0.8338475227355957","0.7006903886795044","0.013341072015464306","0.3793378174304962","1.3780254125595093","0.3214784264564514","0.010396617464721205","0.4502083361148834","1.233002543449402","0.3333289623260498","0.00910788495093584","0.4742644727230072","1.189246416091919","0.3471258580684662","0.0068082381039857864","0.4898677170276642","1.167738676071167","0.35381802916526794","0.007437581662088633","0.46629399061203","1.1604753732681274","0.35747644305229187","0.007361903786659241","0.5032486915588379","1.1250537633895874","0.3727861940860748","0.009040705859661102","0.4927136301994324","1.1259315013885498","0.3767950236797333","0.010395148769021034","0.7547420263290405","0.7831600308418274","0.013348294422030447","0.390024334192276","1.3833057880401611","0.3233949542045593","0.009706794284284117","0.4515804648399353","1.2548723220825195","0.331779807806015","0.008544176816940308","0.4591929614543915","1.2357430458068848","0.3327438235282898","0.00734924478456378","0.4661218822002411","1.2175265550613403","0.33952799439430237","0.007828102447092533","0.449049174785614","1.1937415599822998","0.3455753028392792","0.006409705150872469","0.4652786552906037","1.1841644048690796","0.3433728516101837","0.0062443651258945465","0.4285818338394165","1.244773030281067","0.3225087523460388","0.7678178548812866","0.974869430065155","0.6982582807540894","4.089782238006592","4.552141189575195","3.8645715713500977","9.080163955688477","8.222864151000977","9.497288703918455","2.4628093242645264","2.7918360233306885","2.338903427124023","16.40057373046875","16.541711807250977","16.39902114868164","16.565349578857422","0.262825071811676","13.079505920410156","0.970170557498932","0.3528","0.08709325641393661","0.16443374752998352","0.23548129200935364","0.2253347635269165","0.0005532614304684103","-2.696892261505127","63","4999",""
"ext_psw/lpl_local_top-down_sym_dist1_td-inbranch","0.1","10","1","1","ext_psw","3407","true","true","1","false","false","false","2024-07-10T11:41:16.000Z","1461","2024-07-10T12:05:37.000Z","c0dwd8g6","-","finished","2024-07-10T12:05:37.000Z","0.005153905134648085","15.265491485595703","0.07867689430713654","0.014775832183659077","0.8681026101112366","0.6378782987594604","0.01374160498380661","0.3886553645133972","1.356480836868286","0.28389838337898254","0.011176113039255142","0.4745250344276428","1.1899425983428955","0.28132128715515137","0.009623276069760324","0.5021095275878906","1.1522223949432373","0.32237735390663147","0.008129973895847797","0.5067323446273804","1.1273590326309204","0.2970268130302429","0.007725964300334454","0.4885980784893036","1.1326427459716797","0.31956279277801514","0.008113381452858448","0.5104926824569702","1.110339879989624","0.31158581376075745","0.010257933288812636","0.5282415151596069","1.067710518836975","0.30726292729377747","0.008167775347828865","0.6807016134262085","0.8828893303871155","0.013690623454749584","0.3987777829170227","1.3627067804336548","0.2830098271369934","0.010611222125589848","0.47436025738716125","1.2111011743545532","0.2748185098171234","0.00910205952823162","0.4891691505908966","1.1801540851593018","0.3057968318462372","0.00903829000890255","0.5253291726112366","1.0810645818710327","0.306033730506897","0.007970031350851059","0.4973306655883789","1.0963833332061768","0.32667338848114014","0.005641985218971968","0.46595484018325806","1.1936047077178955","0.2870388329029083","0.004526305012404919","0.4054366648197174","1.3353105783462524","0.2263716012239456","0.8354408144950867","1.1837092638015747","0.6874829530715942","4.267456531524658","5.168138027191162","3.9370601177215576","8.774576187133789","7.376527786254883","9.343214988708496","2.123035430908203","2.506882905960083","2.0097427368164062","16.00050926208496","16.235258102416992","15.977498054504396","15.25211238861084","0.447790652513504","11.601198196411133","0.9712702035903932","0.3504","0.12233969569206238","0.21243388950824735","0.2844298183917999","0.23200863599777224","0.0007074695895425975","-2.463979005813598","63","4999",""
"ext_psw/lpl_local_top-down_asym_dist1_td-inbranch","0.1","10","1","1","ext_psw","3407","false","true","1","false","false","false","2024-07-10T11:17:00.000Z","1441","2024-07-10T11:41:01.000Z","ysuhdyva","-","finished","2024-07-10T11:41:01.000Z","0.006311001721769571","11.32160758972168","0.07145068794488907","0.014526366256177424","0.867323100566864","0.6850062012672424","0.013714989647269247","0.3877074122428894","1.3586454391479492","0.28579822182655334","0.011147784069180489","0.47264015674591064","1.1950129270553589","0.2821061611175537","0.009730139747262","0.5028417110443115","1.1524864435195925","0.3208673894405365","0.008207486011087894","0.5129280090332031","1.1255720853805542","0.2980555593967438","0.0076211257837712765","0.48876795172691345","1.1439884901046753","0.3178633749485016","0.007953614927828312","0.5110783576965332","1.121883749961853","0.31533148884773254","0.009645775891840458","0.5204430818557739","1.1045368909835815","0.29609546065330505","0.010591673664748669","0.7437722086906433","0.8342944383621216","0.01370719913393259","0.39824873208999634","1.36410653591156","0.2861298620700836","0.010326447896659374","0.4688963890075683","1.2263678312301636","0.2777040898799896","0.00886125024408102","0.476332426071167","1.210277438163757","0.3010188341140747","0.00881333276629448","0.5097522735595703","1.1090819835662842","0.295364648103714","0.007829887792468071","0.489086776971817","1.115935206413269","0.3208150863647461","0.005292969755828381","0.4543583989143371","1.222685933113098","0.28057563304901123","0.004875366110354662","0.4188901782035827","1.3089656829833984","0.22992876172065735","0.825472891330719","1.1021636724472046","0.7029812335968018","4.263730049133301","4.962545871734619","3.959336996078491","8.88713264465332","7.808605194091797","9.391716003417969","2.116117477416992","2.401179313659668","1.9915367364883425","16.092453002929688","16.274494171142578","16.045570373535156","15.796780586242676","0.3577548563480377","11.309447288513184","0.9752981066703796","0.3424","0.09932829439640044","0.20435260236263275","0.25203579664230347","0.21805673837661743","0.0006043559405952692","-2.5953192710876465","63","4999",""
"ext_detached_cbe_ag/lpl_local_top-down_errCorr_a0.1_7T","0.1","10","1","7","ext_detached_cbe_ag","420","false","true","5","false","false","false","2024-07-10T08:10:22.000Z","3394","2024-07-10T09:06:56.000Z","gdogpqwl","-","finished","2024-07-10T09:06:56.000Z","-0.006941285450011492","15.679899215698242","0.10883865505456924","0.017170604318380356","0.682694137096405","0.4557306468486786","0.024269459769129753","0.5121089816093445","1.0705653429031372","0","0.0161325354129076","0.675132691860199","0.6286867260932922","0","0.014144781045615671","0.7261242270469666","0.46355733275413513","0","0.013239308260381222","0.7326012253761292","0.43304944038391113","0","0.014480839483439922","0.71658855676651","0.4300088882446289","0","0.015506296418607237","0.7157173156738281","0.4360371828079224","0","","","","","0.011126873083412647","0.5435202121734619","0.676371157169342","0.024926146492362022","0.5207539200782776","1.0466067790985107","0","0.013789062388241293","0.6364607214927673","0.6979749202728271","0","0.012187667191028597","0.6889386177062988","0.5272727012634277","0","0.0102596553042531","0.6591135859489441","0.5473744869232178","0","0.009852132759988308","0.610241711139679","0.5981627106666565","0","0.010260410606861116","0.5813541412353516","0.6410539746284485","0","","","","","1.1494382619857788","1.1507415771484375","0.924019455909729","4.76096773147583","4.749904632568359","4.240382671356201","3.917634963989258","3.810305595397949","4.734817028045654","0","0","0","9.828041076660156","9.710951805114746","9.89921760559082","10.45394229888916","0.96596497297287","14.692252159118652","0.94413959980011","0.4757","0.8732983469963074","1.788988471031189","3.0514988899230957","2.7866718769073486","0.0029148967005312443","-0.25894683599472046","63","4999",""
"ext_detached_cbe_ag/lpl_local_top-down_errCorr_a0.1_6T","0.1","10","1","6","ext_detached_cbe_ag","420","false","true","5","false","false","false","2024-07-10T07:18:43.000Z","3085","2024-07-10T08:10:08.000Z","0cx21k0w","-","finished","2024-07-10T08:10:08.000Z","-0.006911588367074728","13.61988925933838","0.0941350683569908","0.016909610480070114","0.690194845199585","0.4449513554573059","0.024269459769129753","0.5121089816093445","1.0705654621124268","0","0.016303647309541702","0.6710902452468872","0.6427028775215149","0","0.01419337186962366","0.7273945212364197","0.4635474681854248","0","0.013352218084037304","0.7373812198638916","0.427997350692749","0","0.01443551667034626","0.722073495388031","0.4251020550727844","0","0.015181725844740868","0.7204417586326599","0.43064332008361816","0","","","","","0.01110738143324852","0.5835551023483276","0.622142493724823","0.024926142767071724","0.5207538604736328","1.0466067790985107","0","0.01459425501525402","0.6377829313278198","0.7009788751602173","0","0.012646322138607502","0.6939994692802429","0.5208478569984436","0","0.010926006361842155","0.6821730136871338","0.5185179114341736","0","0.010903090238571169","0.6484625339508057","0.5432209968566895","0","0.010674096643924711","0.627366304397583","0.5777050852775574","0","","","","","1.1464554071426392","1.1219830513000488","0.9577731490135192","4.780685901641846","4.682671070098877","4.3940935134887695","3.905510187149048","3.931546449661255","4.530020236968994","0","0","0","9.832649230957031","9.736200332641602","9.881887435913086","10.055782318115234","0.9651545286178588","17.20355796813965","0.952178955078125","0.4709","0.8552402257919312","1.585810661315918","2.608747959136963","2.327646493911743","0.0028422060422599316","-0.2973102331161499","63","4999",""
"ext_detached_cbe_ag/lpl_local_top-down_errCorr_a0.1_5T","0.1","10","1","5","ext_detached_cbe_ag","420","false","true","5","false","false","false","2024-07-10T06:32:05.000Z","2786","2024-07-10T07:18:31.000Z","qi3j3znr","-","finished","2024-07-10T07:18:31.000Z","-0.007076985668390989","13.38649082183838","0.0947360023856163","0.017758620902895927","0.6973109245300293","0.4409711658954621","0.024269459769129753","0.5121089816093445","1.0705654621124268","0","0.01625862717628479","0.6699072122573853","0.6567314267158508","0","0.014523155987262726","0.7234794497489929","0.47277775406837463","0","0.01339805033057928","0.7406045794487","0.42937904596328735","0","0.014530843123793602","0.7251242995262146","0.4242719113826752","0","0.015540619380772114","0.7319315075874329","0.423816055059433","0","","","","","0.01059492863714695","0.5578949451446533","0.6723995804786682","0.024926146492362022","0.5207539200782776","1.0466067790985107","0","0.013721801340579988","0.6278472542762756","0.7360089421272278","0","0.012489703483879566","0.6842347979545593","0.5466038584709167","0","0.010067541152238846","0.6562578082084656","0.5675989985466003","0","0.010070825926959516","0.6139064431190491","0.6025835871696472","0","0.00968853197991848","0.5941513776779175","0.6425493955612183","0","","","","","1.162793755531311","1.1054611206054688","0.9155946969985962","4.800467014312744","4.547454357147217","4.2550458908081055","3.918512344360352","4.0892486572265625","4.814350605010986","0","0","0","9.881773948669434","9.742164611816406","9.984992027282717","9.305055618286133","0.9632928967475892","17.763113021850586","0.9515424370765686","0.4704","0.8505226373672485","1.4675049781799316","2.265407085418701","1.9553290605545044","0.0028250350151211023","-0.30710193514823914","63","4999",""
"ext_detached_cbe_ag/lpl_local_top-down_errCorr_a0.1_4T","0.1","10","1","4","ext_detached_cbe_ag","420","false","true","5","false","false","false","2024-07-10T05:50:19.000Z","2494","2024-07-10T06:31:53.000Z","golmkgeq","-","finished","2024-07-10T06:31:53.000Z","-0.007601061370223761","12.10351848602295","0.0919995903968811","0.01717355102300644","0.6963955163955688","0.4556276798248291","0.024269459769129753","0.5121089816093445","1.0705654621124268","0","0.015954317525029182","0.6734427809715271","0.6721587181091309","0","0.014644245617091656","0.7152150273323059","0.4949735999107361","0","0.013145177625119686","0.7395356297492981","0.4489118754863739","0","0.014205909334123136","0.7199931144714355","0.4446186125278473","0","0.015371725894510746","0.7271178960800171","0.4407198429107666","0","","","","","0.01149122789502144","0.5715057849884033","0.6613467335700989","0.024926146492362022","0.5207539200782776","1.0466067790985107","0","0.013267330825328829","0.6313592195510864","0.7495594620704651","0","0.012941737659275532","0.6796305179595947","0.5632584691047668","0","0.010388663038611412","0.6722140312194824","0.5628207325935364","0","0.010632163845002651","0.6322340369224548","0.5891387462615967","0","0.010784807614982128","0.6116666793823242","0.6226054430007935","0","","","","","1.1476439237594604","1.1747127771377563","0.944320797920227","4.783809661865234","4.764759063720703","4.319364547729492","4.027575969696045","3.96242880821228","4.7953362464904785","0","0","0","9.959028244018556","9.901901245117188","10.059021949768066","9.204971313476562","0.9608576893806458","16.901037216186523","0.9525204300880432","0.4652","0.8444533944129944","1.4068222045898438","2.12363862991333","1.808426856994629","0.0028033654671162367","-0.32068172097206116","63","4999",""
"ext_detached_cbe_ag/lpl_local_top-down_errCorr_a0.1_3T","0.1","10","1","3","ext_detached_cbe_ag","420","false","true","5","false","false","false","2024-07-10T05:13:15.000Z","2213","2024-07-10T05:50:08.000Z","zzpg9uri","-","finished","2024-07-10T05:50:08.000Z","-0.0061008501797914505","14.001503944396973","0.08542107790708542","0.016540370881557465","0.6821160316467285","0.4916131794452667","0.024269461631774902","0.5121090412139893","1.0705654621124268","0","0.015459435060620308","0.6774598956108093","0.6988518834114075","0","0.015143937431275845","0.6998851895332336","0.5275675654411316","0","0.012928301468491554","0.7411524653434753","0.4647428691387177","0","0.013997728005051613","0.7183322310447693","0.4601951539516449","0","0.014761998318135738","0.7231456637382507","0.47038784623146057","0","","","","","0.012058458290994167","0.5961388349533081","0.6274101734161377","0.024926146492362022","0.5207538604736328","1.0466067790985107","0","0.014374432153999804","0.6579405069351196","0.7312931418418884","0","0.01477772369980812","0.6921023726463318","0.5530694127082825","0","0.011184725910425186","0.6976243853569031","0.5361073017120361","0","0.011405379511415958","0.6544706225395203","0.5617242455482483","0","0.011127556674182417","0.6390593647956848","0.5932015180587769","0","","","","","1.1310123205184937","1.0233736038208008","0.9985443353652954","4.7542009353637695","4.5443925857543945","4.458089351654053","4.183924198150635","4.489238739013672","4.649413108825684","0","0","0","10.069138526916504","10.057004928588867","10.10604763031006","9.16641616821289","0.9716691970825196","16.189760208129883","0.9561315178871156","0.4605","0.8513584136962891","1.432769536972046","2.1582298278808594","1.841840147972107","0.0028268955647945404","-0.3059762418270111","63","4999",""
"ext_detached_cbe_ag/lpl_local_top-down_errCorr_a0.1_2T","0.1","10","1","2","ext_detached_cbe_ag","420","false","true","5","false","false","false","2024-07-10T04:40:58.000Z","1925","2024-07-10T05:13:03.000Z","e86i6yy9","-","finished","2024-07-10T05:13:03.000Z","-0.005605637561529875","14.591766357421877","0.08179615437984467","0.015547795221209526","0.6754944920539856","0.5013440847396851","0.024269461631774902","0.5121089816093445","1.0705654621124268","0","0.015171843580901625","0.68161940574646","0.7212005853652954","0","0.01549246534705162","0.6925309896469116","0.5417162179946899","0","0.012797820381820202","0.7476404309272766","0.4631026685237885","0","0.013712609186768532","0.7241882681846619","0.45592838525772095","0","0.01426743809133768","0.7238044142723083","0.46728840470314026","0","","","","","0.011512975208461285","0.5897708535194397","0.6443834900856018","0.024926142767071724","0.5207538604736328","1.0466067790985107","0","0.014871415682137012","0.6771493554115295","0.7295619249343872","0","0.013634435832500458","0.65929114818573","0.6022825241088867","0","0.011281028389930723","0.7041579484939575","0.5283908247947693","0","0.011895238421857355","0.6751922369003296","0.5279724597930908","0","0.011107029393315315","0.6506648659706116","0.582451581954956","0","","","","","1.1125942468643188","1.0261064767837524","0.992282509803772","4.757387638092041","4.682446002960205","4.476980686187744","4.221146106719971","4.383749485015869","4.661649227142334","0","0","0","10.091126441955566","10.092302322387695","10.130913734436035","9.00706672668457","0.9734960794448853","17.100820541381836","0.9584876894950868","0.4589","0.8613799214363098","1.5016714334487915","2.291249513626098","1.9688910245895384","0.002866537310183048","-0.2845022678375244","63","4999",""
"ext_detached_cbe_ag/lpl_local_top-down_errCorr_a0.1_1T","0.1","10","1","1","ext_detached_cbe_ag","420","false","true","5","false","false","false","2024-07-10T04:13:34.000Z","1632","2024-07-10T04:40:46.000Z","52etoybr","-","finished","2024-07-10T04:40:46.000Z","-0.004603530280292034","18.85866928100586","0.0868164524435997","0.015650732442736626","0.6644900441169739","0.516171932220459","0.024269459769129753","0.5121089816093445","1.0705654621124268","0","0.014788375236093998","0.6855893731117249","0.7530391812324524","0","0.015480851754546164","0.6769939661026001","0.588606059551239","0","0.012644455768167973","0.7438051104545593","0.48722732067108154","0","0.013647496700286863","0.712604284286499","0.4726749062538147","0","0.01413633767515421","0.7140346169471741","0.47860103845596313","0","","","","","0.012617128901183603","0.6210296154022217","0.5948205590248108","0.024926146492362022","0.5207539200782776","1.0466067790985107","0","0.01424543745815754","0.6824939250946045","0.7597616910934448","0","0.013663982041180134","0.6480814218521118","0.6342387795448303","0","0.010400748811662195","0.6888500452041626","0.5664122700691223","0","0.01219382043927908","0.6824781894683838","0.5183972120285034","0","0.01133511308580637","0.6709198951721191","0.5546445846557617","0","","","","","1.1061770915985107","1.2481156587600708","0.9938237071037292","4.7096266746521","4.90511417388916","4.514606952667236","4.366886138916016","3.9989843368530273","4.674881935119629","0","0","0","10.18268871307373","10.152214050292969","10.183314323425291","9.075157165527344","0.9750149250030518","16.0360164642334","0.9561975002288818","0.4623","0.8646963834762573","1.5014417171478271","2.2628870010375977","1.9452688694000244","0.0028793453238904476","-0.27778133749961853","63","4999",""
"ext_detached_cbe_ag/lpl_local_top-down_errCorr_a0.1_0T","0.1","10","1","0","ext_detached_cbe_ag","420","false","true","5","false","false","false","2024-07-10T03:51:11.000Z","1331","2024-07-10T04:13:22.000Z","losm2lq0","-","finished","2024-07-10T04:13:22.000Z","-0.00549300666898489","15.466264724731444","0.08495629578828812","0.01547536626458168","0.692715585231781","0.4771717786788941","0.024269459769129753","0.5121090412139893","1.0705654621124268","0","0.014785021543502808","0.6716359853744507","0.7968476414680481","0","0.015249690040946009","0.6800554394721985","0.6467718482017517","0","0.013002216815948486","0.7586100101470947","0.48887720704078674","0","0.014065014198422432","0.7330832481384277","0.45551797747612","0","0.013869193382561209","0.7339692115783691","0.4537443518638611","0","","","","","0.015366439707577229","0.7056121826171875","0.45787861943244934","0.024926146492362022","0.5207539796829224","1.0466067790985107","0","0.014401901513338087","0.6735283732414246","0.7956332564353943","0","0.014402148313820362","0.6676710247993469","0.6628687977790833","0","0.01208086498081684","0.7312641143798828","0.5260842442512512","0","0.01392254326492548","0.7317443490028381","0.4520494043827057","0","0.014557553455233574","0.7562954425811768","0.4198457896709442","0","","","","","1.1071596145629885","1.1395703554153442","1.0965759754180908","4.78217887878418","4.846661567687988","4.786869525909424","4.389496326446533","4.266602039337158","4.36096715927124","0","0","0","10.27883529663086","10.25283432006836","10.244412422180176","8.872234344482422","0.9574548602104188","18.317373275756836","0.9567924737930298","0.4653","0.8069314360618591","1.191962718963623","1.6231298446655271","1.2956818342208862","0.002668650820851326","-0.4015868902206421","63","4999",""
"ext_detached_cbe_ag/lpl_local_top-down_errCorr_a0.1_7T","0.1","10","1","7","ext_detached_cbe_ag","69","false","true","5","false","false","false","2024-07-10T02:54:10.000Z","3409","2024-07-10T03:50:59.000Z","206hpp1i","-","finished","2024-07-10T03:50:59.000Z","-0.007816740311682224","12.504932403564451","0.0977478101849556","0.016891371458768845","0.6773430109024048","0.4350024461746216","0.02354629337787628","0.5016043782234192","1.096447467803955","0","0.01604810729622841","0.6713699102401733","0.6349954009056091","0","0.014244440011680126","0.7220768928527832","0.4495860040187836","0","0.013571538031101229","0.722169816493988","0.4224254786968231","0","0.014618114568293096","0.7079005241394043","0.4194386601448059","0","0.015180908143520355","0.7057631015777588","0.4253001809120178","0","","","","","0.013922094367444515","0.6320626735687256","0.5094674825668335","0.024505509063601497","0.5180392861366272","1.0771892070770264","0","0.015485739335417747","0.6770169734954834","0.6365482211112976","0","0.01224392093718052","0.6867085695266724","0.5122594833374023","0","0.011357499286532402","0.6780778169631958","0.4955088496208191","0","0.01180462446063757","0.653023898601532","0.5077134966850281","0","0.012238506227731705","0.651278018951416","0.5111973881721497","0","","","","","1.141007661819458","1.183452844619751","1.0155789852142334","4.708227634429932","4.955594062805176","4.496207237243652","3.8831963539123535","3.6634154319763184","4.249884605407715","0","0","0","9.732431411743164","9.802461624145508","9.761670112609863","10.836715698242188","0.968687117099762","16.40869140625","0.949765920639038","0.4832","0.8604836463928223","1.8152377605438232","3.117105484008789","2.8602380752563477","0.002866157563403249","-0.2859780490398407","63","4999",""
"ext_detached_cbe_ag/lpl_local_top-down_errCorr_a0.1_6T","0.1","10","1","6","ext_detached_cbe_ag","69","false","true","5","false","false","false","2024-07-10T02:02:30.000Z","3088","2024-07-10T02:53:58.000Z","9jzou43k","-","finished","2024-07-10T02:53:58.000Z","-0.00740092433989048","12.211548805236816","0.09037674963474274","0.017946653068065643","0.6715843081474304","0.4698815643787384","0.02354629337787628","0.5016043186187744","1.0964475870132446","0","0.016131147742271423","0.6664484739303589","0.6512351036071777","0","0.014099985361099243","0.7156086564064026","0.4731948673725128","0","0.01329247746616602","0.7208229303359985","0.44136130809783936","0","0.014459419064223766","0.7052561044692993","0.4404449760913849","0","0.015712598338723183","0.7036247849464417","0.4505331218242645","0","","","","","0.011825939640402794","0.5828778743743896","0.6031430959701538","0.024505509063601497","0.5180392861366272","1.0771892070770264","0","0.016142772510647774","0.6810168027877808","0.6366174817085266","0","0.010499446652829649","0.6537168622016907","0.5823874473571777","0","0.009463435038924215","0.6304662823677063","0.5849593877792358","0","0.009700885973870754","0.6000957489013672","0.6044690608978271","0","0.01035809051245451","0.6052439212799072","0.5983275771141052","0","","","","","1.151885747909546","1.2234208583831787","0.9249608516693116","4.68494987487793","5.003058433532715","4.271456241607666","4.023098945617676","3.6744837760925297","4.687093257904053","0","0","0","9.85993480682373","9.900962829589844","9.88351058959961","9.914214134216309","0.97162264585495","17.245006561279297","0.953590214252472","0.4777","0.8649036288261414","1.7100063562393188","2.787618637084961","2.4947946071624756","0.002883216831833124","-0.276812881231308","63","4999",""
"ext_detached_cbe_ag/lpl_local_top-down_errCorr_a0.1_5T","0.1","10","1","5","ext_detached_cbe_ag","69","false","true","5","false","false","false","2024-07-10T01:15:49.000Z","2788","2024-07-10T02:02:17.000Z","83ft2b8n","-","finished","2024-07-10T02:02:17.000Z","-0.007892822846770287","10.986376762390137","0.0867135226726532","0.01692039705812931","0.6721137762069702","0.4765763580799103","0.02354629337787628","0.5016043186187744","1.0964477062225342","0","0.01622620038688183","0.6660000085830688","0.6654565334320068","0","0.014513906091451643","0.7110350131988525","0.4844546616077423","0","0.012959311716258526","0.7231144905090332","0.4493715167045593","0","0.014190886169672012","0.7037018537521362","0.4497806429862976","0","0.014910177327692509","0.7042484283447266","0.459957093000412","0","","","","","0.011321119032800198","0.59492027759552","0.6097275614738464","0.024505512788891792","0.5180392861366272","1.0771892070770264","0","0.016688508912920952","0.6930237412452698","0.6374779343605042","0","0.012624852359294891","0.6906368732452393","0.5353214740753174","0","0.0116181168705225","0.6994711756706238","0.4924519062042236","0","0.011727255769073963","0.6623609662055969","0.5200616121292114","0","0.010588042438030245","0.638622522354126","0.5690716505050659","0","","","","","1.1326717138290403","1.2705904245376587","0.9907339811325072","4.681818008422852","5.206174850463867","4.497075080871582","4.08204460144043","3.5093822479248047","4.441301345825195","0","0","0","9.896533966064451","9.9861478805542","9.929110527038574","9.524760246276855","0.9712399244308472","17.450599670410156","0.9548392295837402","0.4757","0.8592537641525269","1.5971994400024414","2.512326955795288","2.204075336456299","0.0028590476140379906","-0.2888880968093872","63","4999",""
"ext_detached_cbe_ag/lpl_local_top-down_errCorr_a0.1_4T","0.1","10","1","4","ext_detached_cbe_ag","69","false","true","5","false","false","false","2024-07-10T00:34:06.000Z","2491","2024-07-10T01:15:37.000Z","zko7bqi9","-","finished","2024-07-10T01:15:37.000Z","-0.006928430870175362","12.345044136047363","0.08553178608417511","0.015936793759465218","0.6693618893623352","0.48090916872024536","0.023546291515231133","0.501604437828064","1.0964475870132446","0","0.01571749337017536","0.6705904603004456","0.6847037672996521","0","0.014710544608533382","0.7053629755973816","0.4945492148399353","0","0.013039138168096542","0.7325444221496582","0.44533535838127136","0","0.014091000892221928","0.7120143175125122","0.44217514991760254","0","0.014360384084284306","0.7118676900863647","0.4528352022171021","0","","","","","0.01521239336580038","0.6856778860092163","0.4715389609336853","0.024505509063601497","0.5180392861366272","1.0771892070770264","0","0.015668503940105438","0.6837164163589478","0.6733603477478027","0","0.014387140050530434","0.713425874710083","0.4963168799877167","0","0.01297884713858366","0.7428395748138428","0.44229814410209656","0","0.013887083157896996","0.7202140688896179","0.4392222762107849","0","0.013363108970224856","0.7182657718658447","0.45609283447265625","0","","","","","1.1140165328979492","1.139149785041809","1.1000257730484009","4.7033467292785645","4.896573066711426","4.782177925109863","4.096955299377441","3.92380690574646","4.056018829345703","0","0","0","9.914319038391112","9.959529876708984","9.938222885131836","10.007086753845217","0.97650146484375","17.3707275390625","0.9559518098831176","0.4746","0.8712224960327148","1.7856501340866089","2.933974504470825","2.6439859867095947","0.002906470093876123","-0.2636895179748535","63","4999",""
"ext_detached_cbe_ag/lpl_local_top-down_errCorr_a0.1_3T","0.1","10","1","3","ext_detached_cbe_ag","69","false","true","5","false","false","false","2024-07-09T23:57:09.000Z","2205","2024-07-10T00:33:54.000Z","l76nrfx1","-","finished","2024-07-10T00:33:54.000Z","-0.006408647168427706","13.16815948486328","0.08439008891582489","0.01585860550403595","0.6708611845970154","0.4870299994945526","0.02354629337787628","0.501604437828064","1.0964475870132446","0","0.01538083702325821","0.6796786189079285","0.6956763863563538","0","0.014873557724058628","0.6996998190879822","0.518969714641571","0","0.01304310653358698","0.7396594882011414","0.4510077238082886","0","0.014188174158334732","0.7154182195663452","0.44693222641944885","0","0.0144828949123621","0.713543713092804","0.4586471021175385","0","","","","","0.01590045355260372","0.7197563052177429","0.43326401710510254","0.024505510926246643","0.5180392861366272","1.0771890878677368","0","0.01601131446659565","0.7030869722366333","0.6691830158233643","0","0.0158938467502594","0.730556309223175","0.4850940406322479","0","0.014307672157883644","0.7869341373443604","0.3991321623325348","0","0.015641214326024055","0.7699421048164368","0.3824463784694672","0","0.014744250103831291","0.7655290365219116","0.40322422981262207","0","","","","","1.1137348413467407","1.114184856414795","1.170042634010315","4.720465660095215","4.8530778884887695","4.993844032287598","4.15471076965332","4.062861442565918","3.849532842636109","0","0","0","9.988911628723145","10.03012466430664","10.013420104980469","10.18466567993164","0.973516285419464","17.345474243164062","0.9569004774093628","0.4708","0.8600140810012817","1.6754556894302368","2.7275326251983643","2.444584369659424","0.0028627808205783367","-0.2877822816371918","63","4999",""
"ext_detached_cbe_ag/lpl_local_top-down_errCorr_a0.1_2T","0.1","10","1","2","ext_detached_cbe_ag","69","false","true","5","false","false","false","2024-07-09T23:24:58.000Z","1919","2024-07-09T23:56:57.000Z","08aj6i9v","-","finished","2024-07-09T23:56:57.000Z","-0.006133819930255413","14.858628273010254","0.09114015102386476","0.01609189622104168","0.6811959743499756","0.4799190163612366","0.02354629337787628","0.501604437828064","1.0964475870132446","0","0.015217337757349014","0.6824184060096741","0.7139329314231873","0","0.015232093632221222","0.6973568201065063","0.5388630032539368","0","0.012888921424746512","0.7500514388084412","0.45629608631134033","0","0.01408116240054369","0.7232714891433716","0.4472993016242981","0","0.014540188945829868","0.7275786995887756","0.4530511796474457","0","","","","","0.020587461069226265","0.7935346961021423","0.33288323879241943","0.024505509063601497","0.5180392861366272","1.0771890878677368","0","0.015094087459146976","0.6898292899131775","0.7122220396995544","0","0.01688346266746521","0.7403219938278198","0.4869364798069","0","0.014115306548774242","0.7962611317634583","0.4071437120437622","0","0.016488468274474144","0.7858552932739258","0.3693149089813232","0","0.017689568921923637","0.8171364068984985","0.33952608704566956","0","","","","","1.1159789562225342","1.0784416198730469","1.2536386251449585","4.763477325439453","4.78360652923584","5.140979290008545","4.1858086585998535","4.2572736740112305","3.725214958190918","0","0","0","10.065266609191896","10.119321823120115","10.119832038879396","10.171208381652832","0.9654809236526488","16.25068473815918","0.9538763165473938","0.4722","0.8397690057754517","1.502967119216919","2.386160373687744","2.104767322540283","0.0027873145882040262","-0.33027270436286926","63","4999",""
"ext_detached_cbe_ag/lpl_local_top-down_errCorr_a0.1_1T","0.1","10","1","1","ext_detached_cbe_ag","69","false","true","5","false","false","false","2024-07-09T22:57:36.000Z","1630","2024-07-09T23:24:46.000Z","u58dw4ws","-","finished","2024-07-09T23:24:46.000Z","-0.006232462357729673","14.590490341186523","0.09093467891216278","0.016261707991361618","0.690051257610321","0.4752731025218963","0.02354629337787628","0.501604437828064","1.0964475870132446","0","0.01492083352059126","0.682749330997467","0.747728168964386","0","0.01583787240087986","0.6830161213874817","0.5814021229743958","0","0.01276180800050497","0.7525772452354431","0.4756343960762024","0","0.014033356681466104","0.7241177558898926","0.45958659052848816","0","0.014222826808691025","0.7280250787734985","0.4601016342639923","0","","","","","0.01572446897625923","0.7025940418243408","0.45852142572402954","0.024505509063601497","0.5180392861366272","1.0771890878677368","0","0.015331274829804896","0.6939705014228821","0.7361020445823669","0","0.01732463389635086","0.7167668342590332","0.5373834371566772","0","0.014387965202331545","0.7964760661125183","0.42119336128234863","0","0.014861957170069218","0.7479769587516785","0.4256223142147064","0","0.013688632287085056","0.7396604418754578","0.4475206434726715","0","","","","","1.1158469915390017","1.0991264581680298","1.158244490623474","4.762141227722168","4.850329875946045","4.915484428405762","4.296173095703125","4.293972015380859","4.103532314300537","0","0","0","10.174160957336426","10.24342918395996","10.177260398864746","9.195898056030272","0.9584695100784302","17.07661247253418","0.95428866147995","0.4693","0.8117780685424805","1.2272942066192627","1.756911277770996","1.4400852918624878","0.0026851375587284565","-0.3910244107246399","63","4999",""
"ext_detached_cbe_ag/lpl_local_top-down_errCorr_a0.1_0T","0.1","10","1","0","ext_detached_cbe_ag","69","false","true","5","false","false","false","2024-07-09T22:35:18.000Z","1326","2024-07-09T22:57:24.000Z","n6cvdyt6","-","finished","2024-07-09T22:57:24.000Z","-0.005168710369616747","16.82682228088379","0.08697296679019928","0.015915581956505775","0.7001829743385315","0.46749287843704224","0.02354629337787628","0.501604437828064","1.096447467803955","0","0.015109759755432606","0.6708928942680359","0.793495774269104","0","0.015109914354979992","0.6860564947128296","0.6524537205696106","0","0.012798614799976347","0.7518734931945801","0.5041267275810242","0","0.013779494911432266","0.723167359828949","0.4726155400276184","0","0.01396223809570074","0.7383754849433899","0.45386672019958496","0","","","","","0.014384535141289234","0.6844920516014099","0.5018302202224731","0.024505509063601497","0.5180392861366272","1.0771892070770264","0","0.014835006557404997","0.6739487051963806","0.7978661060333252","0","0.015241503715515137","0.6910570859909058","0.6475541591644287","0","0.012647525407373903","0.7559553980827332","0.5047449469566345","0","0.014589520171284676","0.7412051558494568","0.4542362689971924","0","0.013146355748176576","0.7302071452140808","0.4753921329975128","0","","","","","1.1022189855575562","1.1281322240829468","1.0934996604919434","4.772152423858643","4.887171268463135","4.7949042320251465","4.440498352050781","4.291024208068848","4.458812713623047","0","0","0","10.314870834350586","10.30632781982422","10.347217559814451","8.779677391052246","0.9345704913139344","17.373003005981445","0.9566002488136292","0.4652","0.7439647912979126","0.9723711013793944","1.231659770011902","0.898281991481781","0.002466043457388878","-0.5428774952888489","63","4999",""
"ext_detached_cbe_ag/lpl_local_top-down_errCorr_a0.1_7T","0.1","10","1","7","ext_detached_cbe_ag","42","false","true","5","false","false","false","2024-07-09T21:38:48.000Z","3377","2024-07-09T22:35:05.000Z","7jtxth6x","-","finished","2024-07-09T22:35:05.000Z","-0.006941250525414944","12.72451877593994","0.08832406997680664","0.01714588887989521","0.6821954250335693","0.43125736713409424","0.022734960541129112","0.4922083616256714","1.108211874961853","0","0.01656883768737316","0.6741551756858826","0.6270976662635803","0","0.014443748630583286","0.7380856275558472","0.44070732593536377","0","0.013597968965768814","0.73653244972229","0.413290411233902","0","0.014695425517857076","0.7193530797958374","0.40859007835388184","0","0.015361308120191096","0.7148641347885132","0.41550180315971375","0","","","","","0.02220062725245953","0.8080093264579773","0.27315062284469604","0.02404160611331463","0.5072746872901917","1.0818445682525637","0","0.01719692349433899","0.6901249885559082","0.6069542169570923","0","0.018531963229179382","0.8320321440696716","0.3189207911491394","0","0.016708118841052055","0.8361126184463501","0.2951662540435791","0","0.01824946515262127","0.8182522654533386","0.2873899042606354","0","0.0194120854139328","0.8251073360443115","0.2799224555492401","0","","","","","1.1454812288284302","1.149754762649536","1.363407850265503","4.757394313812256","4.670487403869629","5.31691312789917","3.844656467437744","3.794006824493408","3.1433489322662354","0","0","0","9.74753189086914","9.614249229431152","9.823670387268066","12.074196815490724","0.9731438755989076","16.959680557250977","0.9547600746154784","0.474","0.8719396591186523","2.255845069885254","4.093865394592285","3.885572671890259","0.0029095967765897512","-0.26197248697280884","63","4999",""
"ext_detached_cbe_ag/lpl_local_top-down_errCorr_a0.1_6T","0.1","10","1","6","ext_detached_cbe_ag","42","false","true","5","false","false","false","2024-07-09T20:47:15.000Z","3081","2024-07-09T21:38:36.000Z","msmav56q","-","finished","2024-07-09T21:38:36.000Z","-0.0065130689181387424","15.12601375579834","0.09851676970720293","0.01654340885579586","0.6757977604866028","0.4509279429912567","0.022734960541129112","0.4922083616256714","1.108211874961853","0","0.016489624977111816","0.6720197796821594","0.6398765444755554","0","0.014287345111370088","0.7276989221572876","0.4630590975284576","0","0.013396970927715302","0.7321491837501526","0.4259592890739441","0","0.014468656852841376","0.716687798500061","0.4207058846950531","0","0.01489907130599022","0.7107429504394531","0.4323258101940155","0","","","","","0.01803874783217907","0.7286260724067688","0.3828788101673126","0.024041607975959774","0.5072746872901917","1.0818445682525637","0","0.016016289591789246","0.673011839389801","0.6453317999839783","0","0.014963354915380478","0.750068187713623","0.4314728379249573","0","0.013605041429400444","0.7543306350708008","0.40270084142684937","0","0.015262871980667114","0.7523189187049866","0.37919482588768005","0","0.016513962298631668","0.7635860443115234","0.36376163363456726","0","","","","","1.1282004117965698","1.1605494022369385","1.184418559074402","4.7273054122924805","4.705705165863037","4.9292168617248535","3.941066265106201","3.8351597785949703","3.687185049057007","0","0","0","9.7965726852417","9.701414108276367","9.800820350646973","11.214829444885254","0.9669154286384584","16.440675735473633","0.9493850469589232","0.4715","0.8551251888275146","1.7780427932739258","3.0887632369995117","2.848268985748291","0.002843310823664069","-0.2974550724029541","63","4999",""
"ext_detached_cbe_ag/lpl_local_top-down_errCorr_a0.1_5T","0.1","10","1","5","ext_detached_cbe_ag","42","false","true","5","false","false","false","2024-07-09T20:00:38.000Z","2783","2024-07-09T20:47:01.000Z","aykme4uc","-","finished","2024-07-09T20:47:01.000Z","-0.005064230412244797","18.442840576171875","0.0933987945318222","0.016128355637192726","0.670809805393219","0.4763607084751129","0.022734960541129112","0.4922083616256714","1.108211874961853","0","0.016299868002533913","0.6756270527839661","0.6529895663261414","0","0.014545863494277","0.7231729626655579","0.4737766981124878","0","0.013407372869551182","0.7387356162071228","0.42872199416160583","0","0.014250493608415129","0.7171859741210938","0.42990729212760925","0","0.014671175740659235","0.7102801203727722","0.4476088583469391","0","","","","","0.01800048165023327","0.7371864318847656","0.3847441077232361","0.024041607975959774","0.5072746872901917","1.0818445682525637","0","0.016992729157209396","0.6883746981620789","0.6352465152740479","0","0.01592952013015747","0.7550209760665894","0.4269384741783142","0","0.01568552665412426","0.8027421236038208","0.3451545238494873","0","0.01820146851241589","0.8121771216392517","0.30376073718070984","0","0.017120592296123505","0.7879907488822937","0.3470257520675659","0","","","","","1.1203811168670654","1.0157121419906616","1.2597192525863647","4.728020191192627","4.362400054931641","5.0907673835754395","4.017577171325684","4.382455348968506","3.5247151851654053","0","0","0","9.865978240966797","9.760567665100098","9.875201225280762","11.123050689697266","0.9713073968887328","16.327159881591797","0.9527798295021056","0.4708","0.8675351738929749","1.887385368347168","3.284212112426758","3.039324998855591","0.002892480930313468","-0.27103492617607117","63","4999",""
"ext_detached_cbe_ag/lpl_local_top-down_errCorr_a0.1_4T","0.1","10","1","4","ext_detached_cbe_ag","42","false","true","5","false","false","false","2024-07-09T19:18:42.000Z","2503","2024-07-09T20:00:25.000Z","gvpnfb34","-","finished","2024-07-09T20:00:25.000Z","-0.0060188802890479565","15.10500144958496","0.09091519564390182","0.017012493684887886","0.696410059928894","0.43743377923965454","0.022734958678483963","0.4922083616256714","1.1082119941711426","0","0.01613270677626133","0.6782339215278625","0.6646135449409485","0","0.014699307270348072","0.7167522311210632","0.4861167073249817","0","0.013256668113172054","0.743557333946228","0.43077531456947327","0","0.01447613351047039","0.7251687049865723","0.4224160611629486","0","0.015242557041347029","0.7291467785835266","0.42298176884651184","0","","","","","0.019329939037561417","0.7462137341499329","0.37069171667099","0.024041607975959774","0.5072746872901917","1.0818445682525637","0","0.01604657620191574","0.6806095242500305","0.6638835072517395","0","0.013742736540734768","0.700681209564209","0.5116288065910339","0","0.012809650041162968","0.7384627461433411","0.4425339698791504","0","0.014489250257611276","0.7309167385101318","0.4195861220359802","0","0.016662627458572388","0.7630492448806763","0.3778611719608307","0","","","","","1.1355483531951904","1.136962652206421","1.1712238788604736","4.781477451324463","4.702024936676025","4.867208003997803","3.9725492000579834","3.966352224349976","3.868029356002808","0","0","0","9.889575004577637","9.805339813232422","9.906460762023926","10.76649284362793","0.972991108894348","16.19220733642578","0.9537940621376038","0.4632","0.8593682050704956","1.759589910507202","2.969674587249756","2.7098958492279053","0.0028613482136279345","-0.28871431946754456","63","4999",""
"ext_detached_cbe_ag/lpl_local_top-down_errCorr_a0.1_3T","0.1","10","1","3","ext_detached_cbe_ag","42","false","true","5","false","false","false","2024-07-09T18:41:44.000Z","2207","2024-07-09T19:18:31.000Z","a7rpvjgc","-","finished","2024-07-09T19:18:31.000Z","-0.007036470342427492","13.363731384277344","0.09403350204229356","0.016466809436678886","0.6948238611221313","0.4462753236293793","0.022734960541129112","0.4922083616256714","1.108211874961853","0","0.015845347195863724","0.6818624138832092","0.6831637024879456","0","0.01536567322909832","0.7100294232368469","0.5005760788917542","0","0.013172689825296402","0.7477145195007324","0.4370689392089844","0","0.01443940494209528","0.7280000448226929","0.426227867603302","0","0.014812810346484184","0.7297855019569397","0.4305124282836914","0","","","","","0.017482634633779526","0.7248163223266602","0.4132797420024872","0.024041607975959774","0.5072746872901917","1.0818445682525637","0","0.015581876039505003","0.6779484748840332","0.6915720701217651","0","0.016183163970708847","0.7287681698799133","0.47784292697906494","0","0.01402468141168356","0.7872565388679504","0.3950769901275635","0","0.014956177212297916","0.757440984249115","0.3971181809902191","0","0.015827374532818794","0.7584364414215088","0.4006466567516327","0","","","","","1.1283769607543943","0.9353867173194884","1.180975079536438","4.784424304962158","4.340310096740723","4.94194221496582","4.032036304473877","4.67017126083374","3.857381582260132","0","0","0","9.944836616516112","9.945867538452148","9.980298042297363","10.421091079711914","0.9666259288787842","16.73908805847168","0.9515147805213928","0.4698","0.8498542904853821","1.617281436920166","2.661278486251831","2.387345314025879","0.002823490183800459","-0.3089004158973694","63","4999",""
"ext_detached_cbe_ag/lpl_local_top-down_errCorr_a0.1_2T","0.1","10","1","2","ext_detached_cbe_ag","42","false","true","5","false","false","false","2024-07-09T18:09:34.000Z","1916","2024-07-09T18:41:30.000Z","r73vdmmk","-","finished","2024-07-09T18:41:30.000Z","-0.006664283573627472","12.429461479187012","0.08283345401287079","0.016746681183576584","0.7014942169189453","0.4518110156059265","0.022734960541129112","0.4922083616256714","1.108211874961853","0","0.015298370271921158","0.6875219941139221","0.7090958952903748","0","0.015435450710356236","0.7033636569976807","0.5275282263755798","0","0.013085931539535522","0.7583319544792175","0.4444878101348877","0","0.014263181947171688","0.7351377010345459","0.43294546008110046","0","0.014870046637952328","0.743233859539032","0.4317648410797119","0","","","","","0.015986550599336624","0.6910187602043152","0.4762718677520752","0.024041607975959774","0.5072746872901917","1.0818445682525637","0","0.015165463089942932","0.6889010667800903","0.7109929323196411","0","0.015715651214122772","0.7202902436256409","0.5137267708778381","0","0.01290084421634674","0.7714645266532898","0.43855467438697815","0","0.013382293283939362","0.7266489267349243","0.4545319378376007","0","0.014245043508708475","0.730215311050415","0.4579997956752777","0","","","","","1.124346137046814","1.038887619972229","1.1143746376037598","4.821291923522949","4.621646881103516","4.835813999176025","4.1058454513549805","4.272465705871582","4.133922576904297","0","0","0","10.051484107971191","9.933000564575195","10.084110260009766","10.006640434265137","0.9731155633926392","17.05328369140625","0.9571661949157716","0.4626","0.8675763607025146","1.7530145645141602","2.8704822063446045","2.5816261768341064","0.002891289070248604","-0.2713182866573334","63","4999",""
"ext_detached_cbe_ag/lpl_local_top-down_errCorr_a0.1_1T","0.1","10","1","1","ext_detached_cbe_ag","42","false","true","5","false","false","false","2024-07-09T17:42:21.000Z","1619","2024-07-09T18:09:20.000Z","gq1mefak","-","finished","2024-07-09T18:09:20.000Z","-0.005299757234752178","16.97046661376953","0.08993934839963913","0.016592541709542274","0.6918584108352661","0.452250599861145","0.022734960541129112","0.4922083616256714","1.108212113380432","0","0.0149849820882082","0.6876426339149475","0.7456130385398865","0","0.015871142968535423","0.6895936727523804","0.5662289261817932","0","0.012721092440187933","0.7534323334693909","0.46575927734375","0","0.014063375070691109","0.7245318293571472","0.4440445601940155","0","0.014434462413191795","0.73160719871521","0.4376661777496338","0","","","","","0.016698263585567474","0.7151274681091309","0.437784731388092","0.024041607975959774","0.5072746872901917","1.0818445682525637","0","0.01558305323123932","0.6996309757232666","0.7309280037879944","0","0.015597821213304996","0.6865130662918091","0.5713528990745544","0","0.013444004580378532","0.7821618914604187","0.4365443289279938","0","0.014766925014555454","0.760267436504364","0.4083951711654663","0","0.014115655794739723","0.752203106880188","0.427921861410141","0","","","","","1.1140254735946655","1.064167022705078","1.1424733400344849","4.770873546600342","4.624886989593506","4.903179168701172","4.21977424621582","4.337892532348633","4.094770908355713","0","0","0","10.104674339294434","10.026947021484377","10.140423774719238","9.615710258483888","0.964712381362915","16.706024169921875","0.9543190598487854","0.4619","0.8243734836578369","1.3233375549316406","1.9765011072158811","1.675444483757019","0.002728758379817009","-0.36372870206832886","63","4999",""
"ext_detached_cbe_ag/lpl_local_top-down_errCorr_a0.1_0T","0.1","10","1","0","ext_detached_cbe_ag","42","false","true","5","false","false","false","2024-07-09T17:20:05.000Z","1323","2024-07-09T17:42:08.000Z","x7mxc6wz","-","finished","2024-07-09T17:42:08.000Z","-0.002755926689133048","31.95464134216309","0.08806464821100235","0.016253847628831863","0.6662598252296448","0.5345827341079712","0.022734960541129112","0.4922083616256714","1.108211874961853","0","0.015232861042022703","0.6721333861351013","0.7933307886123657","0","0.015439766459167004","0.6859883666038513","0.6344200968742371","0","0.013239914551377296","0.7702285051345825","0.4750421643257141","0","0.014027662575244904","0.7319068908691406","0.4592384696006775","0","0.01406371220946312","0.7300260663032532","0.4785083830356598","0","","","","","0.014675346203148363","0.703749418258667","0.4850486218929291","0.024041607975959774","0.5072746872901917","1.0818445682525637","0","0.014902315102517605","0.6765386462211609","0.7998642325401306","0","0.016409894451498985","0.6997584104537964","0.6145974397659302","0","0.015340326353907583","0.828823447227478","0.39823225140571594","0","0.01912040449678898","0.8547086119651794","0.2974289357662201","0","0.0155520997941494","0.8298653364181519","0.3561466634273529","0","","","","","1.1099271774291992","0.917304277420044","1.2004201412200928","4.748751640319824","4.28426456451416","5.100718975067139","4.483334541320801","5.092836380004883","4.033163070678711","0","0","0","10.342012405395508","10.294404983520508","10.334301948547363","9.530232429504396","0.9624789953231812","16.47553825378418","0.9562376141548156","0.4732","0.8057572245597839","1.1752657890319824","1.691489577293396","1.3894243240356443","0.002663724822923541","-0.4049336910247803","63","4999",""
"ext_detached_cbe_ag/lpl_local_top-down_errCorr_a0.1_7T","0.1","10","1","7","ext_detached_cbe_ag","7","false","true","5","false","false","false","2024-07-09T16:23:41.000Z","3372","2024-07-09T17:19:53.000Z","qvqqt0wn","-","finished","2024-07-09T17:19:53.000Z","-0.007518870756030083","12.117295265197754","0.09110837429761888","0.017374565824866295","0.6833536624908447","0.4441061317920685","0.023478105664253235","0.5093294978141785","1.086547613143921","0","0.016097325831651688","0.6789648532867432","0.6276309490203857","0","0.014300474897027016","0.733298659324646","0.4542624950408935","0","0.013565451838076116","0.7296910285949707","0.4245692491531372","0","0.01468474231660366","0.7169068455696106","0.41846784949302673","0","0.015477518551051617","0.715858519077301","0.4264669418334961","0","","","","","0.010745945386588572","0.5655551552772522","0.6394146084785461","0.024674205109477043","0.5216197967529297","1.0651183128356934","0","0.01688476651906967","0.702446460723877","0.6059079766273499","0","0.01161227747797966","0.6923216581344604","0.5299894213676453","0","0.010265031829476357","0.6539208889007568","0.5503619909286499","0","0.009763870388269424","0.607751190662384","0.602059543132782","0","0.00936185847967863","0.588324248790741","0.6351088881492615","0","","","","","1.1497820615768433","1.1557648181915283","0.933079481124878","4.7674031257629395","4.8465046882629395","4.331939220428467","3.882051467895508","3.741165161132813","4.627961158752441","0","0","0","9.799237251281738","9.743433952331545","9.892980575561523","9.746893882751465","0.9670658111572266","16.10237693786621","0.9532463550567628","0.4799","0.8569815158843994","1.5944578647613523","2.547233819961548","2.24641489982605","0.0028549644630402327","-0.2938074767589569","63","4999",""
"ext_detached_cbe_ag/lpl_local_top-down_errCorr_a0.1_6T","0.1","10","1","6","ext_detached_cbe_ag","7","false","true","5","false","false","false","2024-07-09T15:32:12.000Z","3075","2024-07-09T16:23:27.000Z","shoagaks","-","finished","2024-07-09T16:23:27.000Z","-0.006692190188914537","14.467207908630373","0.09681730717420578","0.015905918553471565","0.6794777512550354","0.4622538983821869","0.023478105664253235","0.5093294978141785","1.086547613143921","0","0.015974175184965134","0.6830819845199585","0.6369876265525818","0","0.013921919278800488","0.7283318638801575","0.4735148549079895","0","0.013197432272136211","0.7300461530685425","0.4406988322734833","0","0.014117741957306862","0.7132604718208313","0.4362678825855255","0","0.014413097873330116","0.7097665667533875","0.4618913531303406","0","","","","","0.011314602568745611","0.6015029549598694","0.5994769334793091","0.024674205109477043","0.5216197967529297","1.0651183128356934","0","0.01712973415851593","0.7143685817718506","0.6014657020568848","0","0.011139778420329094","0.6892910599708557","0.5555304884910583","0","0.010707484558224678","0.6731031537055969","0.5374643802642822","0","0.011182976886630058","0.6532105207443237","0.5396583080291748","0","0.010728731751441956","0.6367635726928711","0.5844010710716248","0","","","","","1.110083818435669","1.1187186241149902","0.9687750935554504","4.753293991088867","4.704180717468262","4.4898600578308105","3.998161554336548","3.977749109268189","4.483114719390869","0","0","0","9.861539840698242","9.800647735595703","9.941749572753906","9.773026466369627","0.9646342396736144","16.843975067138672","0.9509678483009338","0.4803","0.853277325630188","1.5570485591888428","2.483567476272583","2.18609881401062","0.002840520814061165","-0.3012431561946869","63","4999",""
"ext_detached_cbe_ag/lpl_local_top-down_errCorr_a0.1_5T","0.1","10","1","5","ext_detached_cbe_ag","7","false","true","5","false","false","false","2024-07-09T14:45:44.000Z","2774","2024-07-09T15:31:58.000Z","83ow775c","-","finished","2024-07-09T15:31:58.000Z","-0.007522878237068653","12.112646102905272","0.09112196415662766","0.01620081625878811","0.683131754398346","0.4622993469238281","0.023478109389543533","0.5093294382095337","1.086547613143921","0","0.01602432318031788","0.6850958466529846","0.6493166089057922","0","0.01448510494083166","0.722693145275116","0.4779118597507477","0","0.013150334358215332","0.7345733642578125","0.43950334191322327","0","0.01411238219588995","0.7154519557952881","0.4363698661327362","0","0.014587873592972755","0.7164913415908813","0.4427527189254761","0","","","","","0.009059103205800056","0.537428617477417","0.7123904824256897","0.024674205109477043","0.5216197967529297","1.0651183128356934","0","0.014898095279932022","0.6804378628730774","0.6678783297538757","0","0.011689579114317894","0.6743444204330444","0.5633161664009094","0","0.010043896734714508","0.6622772216796875","0.5563075542449951","0","0.009680826216936111","0.6179501414299011","0.5980569124221802","0","0.008590253069996834","0.5817070603370667","0.6692715287208557","0","","","","","1.120389461517334","1.0547635555267334","0.886359691619873","4.7667670249938965","4.646207809448242","4.275765419006348","3.994701147079468","4.17191743850708","4.832339763641357","0","0","0","9.88185691833496","9.872888565063477","9.994464874267578","9.095623016357422","0.9687469601631165","18.465497970581055","0.9526347517967224","0.4735","0.858091413974762","1.5361448526382446","2.3335816860198975","2.0091335773468018","0.002858061110600829","-0.29133033752441406","63","4999",""
"ext_detached_cbe_ag/lpl_local_top-down_errCorr_a0.1_4T","0.1","10","1","4","ext_detached_cbe_ag","7","false","true","5","false","false","false","2024-07-09T14:04:08.000Z","2482","2024-07-09T14:45:30.000Z","3opsytso","-","finished","2024-07-09T14:45:30.000Z","-0.007440971210598946","12.954668045043944","0.0963953137397766","0.015742482617497444","0.6760364174842834","0.47506237030029297","0.023478105664253235","0.5093294382095337","1.086547613143921","0","0.015651201829314232","0.6882285475730896","0.6703605651855469","8.735397338867188","0.01463280152529478","0.7198265194892883","0.4917989671230316","10.974977493286133","0.01306773442775011","0.7376973628997803","0.4457361102104187","18.63648796081543","0.01397087424993515","0.7198498845100403","0.4395250678062439","6.947868824005127","0.014208277687430382","0.7150301933288574","0.45230695605278015","10.714225769042969","","","","","0.01079970132559538","0.5897866487503052","0.6228529810905457","0.024674205109477043","0.5216197967529297","1.065118432044983","0","0.015551413409411907","0.7001459002494812","0.6600743532180786","8.661852836608887","0.01207415759563446","0.6763898730278015","0.5667447447776794","10.63741970062256","0.011287451721727848","0.6953795552253723","0.5121671557426453","17.655311584472656","0.011548295617103577","0.6649459600448608","0.5245773196220398","6.588127136230469","0.010397262871265411","0.6422134637832642","0.573811948299408","9.934603691101074","","","","","1.1075149774551392","1.0496740341186523","0.963325023651123","4.765998363494873","4.647694110870361","4.490481376647949","4.061337471008301","4.201478004455566","4.525346755981445","280.0448303222656","283.70904541015625","267.38653564453125","9.934850692749023","9.898846626281738","277.36572265625","9.306800842285156","0.9633559584617616","17.4028377532959","0.9504700899124146","0.4744","0.8413991928100586","1.425329327583313","2.152963638305664","1.83657705783844","0.002795879729092121","-0.3266321122646332","63","4999",""
"ext_detached_cbe_ag/lpl_local_top-down_errCorr_a0.1_3T","0.1","10","1","3","ext_detached_cbe_ag","7","false","true","5","false","false","false","2024-07-09T13:27:30.000Z","2188","2024-07-09T14:03:58.000Z","tuqqnruh","-","finished","2024-07-09T14:03:58.000Z","-0.005138236563652754","15.865286827087402","0.08151959627866745","0.015594622120261192","0.6808937788009644","0.48662069439888","0.023478105664253235","0.5093294382095337","1.086547613143921","0","0.015391089022159576","0.6922647953033447","0.6832775473594666","8.372588157653809","0.014824838377535343","0.7162758111953735","0.5089284777641296","10.581121444702148","0.01283638272434473","0.7415710091590881","0.4550972282886505","18.177143096923828","0.013790861703455448","0.7194465398788452","0.4497649669647217","7.004275321960449","0.013983720913529396","0.7185893058776855","0.461770623922348","10.88636589050293","","","","","0.009370191022753716","0.5530171394348145","0.709231436252594","0.024674203246831897","0.5216197967529297","1.0651183128356934","0","0.015833597630262375","0.7057339549064636","0.6651010513305664","8.313742637634277","0.012538611888885498","0.6789204478263855","0.5738768577575684","10.37968635559082","0.010537940077483654","0.6825791001319885","0.5460392832756042","17.2268123626709","0.01057574525475502","0.6385855674743652","0.5751442909240723","6.513708114624023","0.009206119924783708","0.6124230623245239","0.6371715664863586","9.90884780883789","","","","","1.0989962816238403","1.0300259590148926","0.9273641705513","4.778371810913086","4.618260860443115","4.392879009246826","4.132007122039795","4.343493461608887","4.7716827392578125","275.1074523925781","277.9712219238281","261.7139892578125","10.009374618530272","9.991779327392578","271.8059387207031","8.784036636352539","0.9791602492332458","18.04483985900879","0.9589875340461732","0.4729","0.8790556788444519","1.678800344467163","2.5343174934387207","2.1995034217834473","0.002942926250398159","-0.24707914888858795","63","4999",""
"ext_detached_cbe_ag/lpl_local_top-down_errCorr_a0.1_2T","0.1","10","1","2","ext_detached_cbe_ag","7","false","true","5","false","false","false","2024-07-09T10:54:29.000Z","1923","2024-07-09T11:26:32.000Z","y5qoygw5","-","finished","2024-07-09T11:26:32.000Z","-0.006611674092710018","13.02199935913086","0.08609721809625626","0.015843307599425316","0.6811289191246033","0.4894126355648041","0.023478105664253235","0.5093294978141785","1.086547613143921","0","0.014807223342359066","0.70086669921875","0.7147200107574463","7.957875728607178","0.015303299762308598","0.7018373012542725","0.5354714393615723","9.733351707458496","0.013092626817524431","0.7540549635887146","0.45387566089630127","16.92825698852539","0.014492892660200596","0.7319698929786682","0.4388824105262756","6.561952114105225","0.014397654682397842","0.7307033538818359","0.4526919424533844","9.909457206726074","","","","","0.013637064024806024","0.6593801379203796","0.5336793661117554","0.024674203246831897","0.5216197967529297","1.0651183128356934","0","0.014812163077294828","0.7039705514907837","0.7108505964279175","7.876413345336914","0.01347947120666504","0.6740202307701111","0.5869404077529907","9.593363761901855","0.011984329670667648","0.7269400954246521","0.4912968873977661","16.445514678955078","0.013199584558606148","0.71098393201828","0.47203123569488525","6.420873641967773","0.012571115978062153","0.7126085758209229","0.4911862313747406","9.824714660644531","","","","","1.114151120185852","0.9901387691497804","1.043579339981079","4.809890270233154","4.551851749420166","4.709523677825928","4.171601295471191","4.5609917640686035","4.351102828979492","255.45448303222656","255.4285430908203","250.8043975830078","10.095641136169434","10.102982521057127","260.9086608886719","9.363615036010742","0.9693679809570312","17.490461349487305","0.95594984292984","0.4615","0.848563551902771","1.4838460683822632","2.270237922668457","1.9580585956573489","0.0028224322013556957","-0.31145384907722473","63","4999",""
"ext_detached_cbe_ag/lpl_local_top-down_errCorr_a0.1_1T","0.1","10","1","1","ext_detached_cbe_ag","7","false","true","5","false","false","false","2024-07-09T10:27:10.000Z","1626","2024-07-09T10:54:16.000Z","07zu86at","-","finished","2024-07-09T10:54:16.000Z","-0.005860012024641037","14.970702171325684","0.08772849291563034","0.015339267440140247","0.6785683631896973","0.48448044061660767","0.023478105664253235","0.5093294382095337","1.086547613143921","0","0.014601591043174269","0.6959176063537598","0.7543002963066101","7.332473278045654","0.0157371386885643","0.6938949823379517","0.5713951587677002","8.007061958312988","0.0130107831209898","0.7603614926338196","0.4652382433414459","15.331860542297363","0.014050758443772793","0.7253523468971252","0.4530394673347473","5.798036575317383","0.013888969086110592","0.7232006192207336","0.458539754152298","8.533371925354004","","","","","0.018590042367577553","0.7607817053794861","0.3788473606109619","0.024674203246831897","0.5216197967529297","1.0651183128356934","0","0.014042050577700138","0.6888366937637329","0.7666228413581848","7.244493007659912","0.015591518953442574","0.6966286897659302","0.5660130977630615","7.8870320320129395","0.013058588840067388","0.7760522961616516","0.4538210928440094","15.359567642211914","0.014973962679505348","0.7546988129615784","0.4200952649116516","5.806812286376953","0.01630287431180477","0.791462779045105","0.3743669092655182","8.758199691772461","","","","","1.1010663509368896","0.9431660771369934","1.1723322868347168","4.786624908447266","4.408295631408691","4.990079879760742","4.273540496826172","4.844911098480225","4.024885177612305","225.01400756835935","222.35580444335935","225.2805023193359","10.16123104095459","10.196372032165527","235.4678497314453","9.464630126953123","0.9623822569847108","18.245222091674805","0.9553664922714232","0.4697","0.8228872418403625","1.3423478603363037","1.964884877204895","1.656017780303955","0.002728709252551198","-0.3661723732948303","63","4999",""
"ext_detached_cbe_ag/lpl_local_top-down_errCorr_a0.1_0T","0.1","10","1","0","ext_detached_cbe_ag","7","false","true","5","false","false","false","2024-07-09T10:04:22.000Z","1322","2024-07-09T10:26:24.000Z","3f65rxgt","-","finished","2024-07-09T10:26:24.000Z","-0.0061763254925608635","14.44183349609375","0.08919746428728104","0.01718706078827381","0.7202778458595276","0.4503763020038605","0.02347810380160809","0.5093294382095337","1.0865477323532104","0","0.01467521395534277","0.6749521493911743","0.801937997341156","0","0.01503819227218628","0.6939895749092102","0.636759877204895","0","0.012662905268371103","0.7563493847846985","0.4988432228565216","0","0.0143861910328269","0.7327677011489868","0.46163424849510193","0","0.014849411323666573","0.7464157342910767","0.44240134954452515","0","","","","","0.015789717435836792","0.7122125029563904","0.4510495066642761","0.024674203246831897","0.521619975566864","1.0651181936264038","0","0.014012159779667854","0.6712741851806641","0.8126559853553772","0","0.014564244076609612","0.6901994347572327","0.6501031517982483","0","0.011630166321992874","0.7410075068473816","0.5231256484985352","0","0.01317464280873537","0.7191071510314941","0.48346665501594543","0","0.013930669054389","0.7351718544960022","0.45200249552726746","0","","","","","1.12277090549469","1.2089002132415771","1.0777580738067627","4.834081172943115","5.044219970703125","4.790592193603516","4.378500938415527","4.13985538482666","4.437521457672119","0","0","0","10.335351943969728","10.39297580718994","10.305871963500977","8.719611167907715","0.9536005854606628","18.422069549560547","0.954589307308197","0.471","0.7918894290924072","1.1525135040283203","1.5171897411346436","1.179149866104126","0.0026224704924970865","-0.4332190752029419","63","4999",""
"ext_detached_cbe_ag/lpl_local_top-down_errCorr_a0.1_7T","0.1","10","1","7","ext_detached_cbe_ag","3407","false","true","5","false","false","false","2024-07-08T18:35:33.000Z","3389","2024-07-08T19:32:02.000Z","4uwv8ady","-","finished","2024-07-08T19:32:02.000Z","-0.007242925465106964","12.143823623657228","0.08795680850744247","0.015961308032274246","0.6665440201759338","0.4647458493709564","0.02414159849286079","0.5025942325592041","1.0747268199920654","0","0.01646316610276699","0.6714908480644226","0.6357218027114868","9.346406936645508","0.01405565906316042","0.7239757180213928","0.46266743540763855","12.106953620910645","0.013352269306778908","0.7252395749092102","0.433884710073471","18.401159286499023","0.014118069782853128","0.7075021862983704","0.4339413046836853","6.67271614074707","0.01434044260531664","0.6978381872177124","0.44997796416282654","10.4445161819458","","","","","0.010153363458812237","0.5512470602989197","0.656055748462677","0.02380925603210926","0.5136452317237854","1.0830785036087036","0","0.014196655713021755","0.6486467719078064","0.6941816806793213","9.159385681152344","0.01079004630446434","0.653186023235321","0.5783287882804871","11.553207397460938","0.010296916589140892","0.6448758244514465","0.554206907749176","17.33287811279297","0.010127656161785126","0.6122294068336487","0.5819131731987","6.220917701721191","0.009629462845623491","0.5896386504173279","0.6195840835571289","9.66687297821045","","","","","1.1243250370025637","1.092548131942749","0.8900336027145386","4.695184707641602","4.664548873901367","4.2134690284729","3.955665826797486","3.9475388526916504","4.767348766326904","284.8587646484375","280.0301513671875","269.6662902832031","9.775176048278809","9.704635620117188","279.53717041015625","9.47663688659668","0.9647247791290284","16.442502975463867","0.9545950293540956","0.4732","0.8425629734992981","1.4585974216461182","2.23230504989624","1.9247796535491943","0.0027976047713309526","-0.3241117298603058","63","4999",""
"ext_detached_cbe_ag/lpl_local_top-down_errCorr_a0.1_6T","0.1","10","1","6","ext_detached_cbe_ag","3407","false","true","5","false","false","false","2024-07-08T16:10:00.000Z","3089","2024-07-08T17:01:29.000Z","29ua8mxm","-","finished","2024-07-08T17:01:29.000Z","-0.007757503539323807","10.47965145111084","0.0812959298491478","0.017108166590332985","0.6692821383476257","0.4752331078052521","0.02414159849286079","0.5025942325592041","1.074726700782776","0","0.01635470986366272","0.6725732684135437","0.641750693321228","8.95800495147705","0.01427390519529581","0.7167506217956543","0.4775993824005127","11.36879825592041","0.013150122947990894","0.7219914197921753","0.44817307591438293","17.80401039123535","0.01407880149781704","0.7035427689552307","0.4478006064891815","6.744394779205322","0.015043284744024277","0.7018013000488281","0.45657044649124146","10.648326873779297","","","","","0.006929993629455566","0.4594699740409851","0.8540865182876587","0.02380925789475441","0.5136452317237854","1.0830782651901243","0","0.014269556850194933","0.6547016501426697","0.6953257918357849","8.798194885253906","0.009692068211734297","0.6206153035163879","0.6450318694114685","10.722615242004396","0.008557629771530628","0.5952075719833374","0.6497533321380615","16.193408966064453","0.007866035215556622","0.544445812702179","0.7107794284820557","6.020114421844482","0.006932560820132494","0.5075671672821045","0.7867192625999451","9.153069496154783","","","","","1.1415059566497805","1.2111856937408447","0.7805711030960083","4.688536167144775","4.899779319763184","3.8956527709960938","4.021853923797607","3.6581473350524902","5.424775123596191","277.6176452636719","279.35662841796875","254.43702697753903","9.85189437866211","9.76911163330078","264.5379943847656","8.539353370666504","0.9686967134475708","17.955419540405273","0.9575363993644714","0.474","0.8529589772224426","1.4443416595458984","2.0589699745178223","1.7137553691864014","0.00283639645203948","-0.3024553060531616","63","4999",""
"ext_detached_cbe_ag/lpl_local_top-down_errCorr_a0.1_5T","0.1","10","1","5","ext_detached_cbe_ag","3407","false","true","5","false","false","false","2024-07-08T15:06:28.000Z","2771","2024-07-08T15:52:39.000Z","leqaa17r","-","finished","2024-07-08T15:52:39.000Z","-0.006466337479650974","12.105198860168455","0.07827629894018173","0.01573951728641987","0.6648739576339722","0.4884667694568634","0.024141570553183556","0.502593994140625","1.0747272968292236","0","0.016114583238959312","0.6818317174911499","0.6530291438102722","8.896581649780273","0.014399340376257896","0.7140200138092041","0.4890304505825043","11.321270942687988","0.01287140417844057","0.7258674502372742","0.4557028114795685","17.590167999267578","0.01386046502739191","0.7049456238746643","0.452864408493042","6.581854343414307","0.014081931672990322","0.7023126482963562","0.466320276260376","10.310623168945312","","","","","0.01010853797197342","0.5483148097991943","0.6873807907104492","0.023809200152754784","0.5136443972587585","1.0830796957015991","0","0.0139677869156003","0.6624433994293213","0.7091341018676758","8.754175186157227","0.010574557818472384","0.6379034519195557","0.6298996210098267","10.819774627685549","0.009828264825046062","0.6397742629051208","0.5884966850280762","16.430891036987305","0.010079024359583856","0.6107873320579529","0.6032819151878357","6.19188928604126","0.009397439658641815","0.5923642516136169","0.6476127505302429","9.753644943237305","","","","","1.112087965011597","1.1519871950149536","0.8776482343673706","4.696444988250732","4.74614143371582","4.2052321434021","4.080140590667725","3.9415016174316406","4.948885917663574","273.5024719238281","269.19134521484375","259.75189208984375","9.88867473602295","9.839630126953123","269.7836608886719","8.968749046325684","0.975762128829956","16.987302780151367","0.959864377975464","0.4651","0.8686267137527466","1.616052269935608","2.462111234664917","2.1340465545654297","0.0028969282284379005","-0.26887571811676025","63","4999",""
"ext_detached_cbe_ag/lpl_local_top-down_errCorr_a0.1_4T","0.1","10","1","4","ext_detached_cbe_ag","3407","false","true","5","false","false","false","2024-07-08T12:43:06.000Z","2498","2024-07-08T13:24:44.000Z","yhvd6mmi","-","finished","2024-07-08T13:24:44.000Z","-0.0070673879235982895","11.018760681152344","0.07787385582923889","0.017215324565768242","0.6709452867507935","0.49283167719841","0.02414159849286079","0.5025942325592041","1.0747268199920654","0","0.01587248034775257","0.6859321594238281","0.6643946170806885","8.505736351013184","0.01494704745709896","0.712725043296814","0.5012436509132385","10.789872169494627","0.013029674999415874","0.7353689074516296","0.4526669383049011","17.18924903869629","0.014054103754460812","0.7086464166641235","0.456219494342804","6.586200714111328","0.015025721862912178","0.7051876783370972","0.47148481011390686","10.271416664123535","","","","","0.008292938582599163","0.48423823714256287","0.8092348575592041","0.02380925603210926","0.5136452317237854","1.0830782651901243","0","0.013649871572852136","0.6634657979011536","0.7202692627906799","8.342680931091309","0.010462113656103613","0.6249913573265076","0.6563867330551147","10.225423812866213","0.010010787285864351","0.6479936242103577","0.5843669176101685","15.894935607910156","0.00941295363008976","0.5891793370246887","0.6467864513397217","5.989571571350098","0.008201763033866882","0.539749026298523","0.7383472323417664","8.826421737670898","","","","","1.1428594589233398","1.1905643939971924","0.8383967876434326","4.721400260925293","4.8640971183776855","4.063262939453125","4.11356782913208","3.843214511871338","5.238470077514648","266.7123718261719","265.6524658203125","246.39517211914065","9.977828025817873","9.897875785827637","256.5353088378906","8.178407669067383","0.967985987663269","17.770315170288086","0.9592880010604858","0.4634","0.8375080823898315","1.3261206150054932","1.772788643836975","1.413535714149475","0.002778475871309638","-0.3356626033782959","63","4999",""
"ext_detached_cbe_ag/lpl_local_top-down_errCorr_a0.1_3T","0.1","10","1","3","ext_detached_cbe_ag","3407","false","true","5","false","false","false","2024-07-08T12:06:17.000Z","2194","2024-07-08T12:42:51.000Z","uo4fqdru","-","finished","2024-07-08T12:42:51.000Z","-0.007260472513735294","11.111536026000977","0.08067499846220016","0.016884882003068924","0.690679669380188","0.47666457295417786","0.024141596630215645","0.5025942325592041","1.0747268199920654","0","0.015649165958166122","0.6901154518127441","0.6875853538513184","8.005788803100586","0.015075184404850006","0.7063313126564026","0.5261563658714294","10.490453720092772","0.012907267548143864","0.7409483790397644","0.4655140936374664","17.3474178314209","0.014308379963040352","0.7178168296813965","0.4550010561943054","6.808593273162842","0.014906945638358591","0.7267189025878906","0.4558572471141815","10.624722480773926","","","","","0.010918207466602324","0.5663157105445862","0.6668524146080017","0.02380925603210926","0.5136452317237854","1.0830785036087036","0","0.014077728614211082","0.6795483827590942","0.7215785384178162","7.877127170562744","0.010766263119876385","0.6313552260398865","0.6692107915878296","10.0590181350708","0.009765638038516045","0.6480661630630493","0.5999432802200317","16.09075164794922","0.010093986056745052","0.6129037141799927","0.6152501106262207","6.232660293579102","0.009643959812819958","0.6011912226676941","0.645677924156189","9.570405960083008","","","","","1.138734221458435","1.3457632064819336","0.8907504081726074","4.775204658508301","5.280858993530273","4.253026008605957","4.141505718231201","3.4223337173461914","5.001591205596924","266.3848571777344","278.3417053222656","249.1498260498047","10.055444717407228","10.048955917358398","259.295166015625","8.807610511779785","0.9748674631118774","17.03352165222168","0.9579721689224244","0.4651","0.8644082546234131","1.579897403717041","2.3188605308532715","1.983929991722107","0.0028804130852222443","-0.27810510993003845","63","4999",""
"ext_detached_cbe_ag/lpl_local_top-down_errCorr_a0.1_2T","0.1","10","1","2","ext_detached_cbe_ag","3407","false","true","5","false","false","false","2024-07-08T11:34:20.000Z","1905","2024-07-08T12:06:05.000Z","mz0ujly0","-","finished","2024-07-08T12:06:05.000Z","-0.006584718823432922","11.260598182678224","0.07414787262678146","0.015946712344884872","0.661836564540863","0.5347312092781067","0.024141570553183556","0.502593994140625","1.0747272968292236","0","0.015342728234827518","0.6947021484375","0.7092908024787903","7.56028938293457","0.01496425922960043","0.6977083086967468","0.559188961982727","9.343419075012209","0.012882377952337263","0.7493433952331543","0.4737068712711334","16.191965103149414","0.014209887012839316","0.7256727814674377","0.4610188007354736","6.5134172439575195","0.01443912647664547","0.7211553454399109","0.48556044697761536","10.047039985656738","","","","","0.012707464396953584","0.6394721269607544","0.5782546997070312","0.02380920387804508","0.5136443972587585","1.0830796957015991","0","0.015342437662184238","0.6998468637466431","0.7089342474937439","7.479225158691406","0.012271254323422909","0.6605868339538574","0.6328401565551758","9.186331748962402","0.011388137005269527","0.7092320919036865","0.5270568132400513","15.461492538452148","0.013992935419082642","0.7238131761550903","0.4599204957485199","6.423478126525879","0.012390535324811935","0.70686274766922","0.5119021534919739","10.167190551757812","","","","","1.1192666292190552","1.0813449621200562","1.0190198421478271","4.753012657165527","4.771107196807861","4.653458595275879","4.298223972320557","4.251124858856201","4.501988410949707","248.2806396484375","249.47943115234375","243.58859252929688","10.170503616333008","10.10357666015625","253.76303100585935","9.274630546569824","0.9811511635780334","16.486309051513672","0.9617198705673218","0.4638","0.8806390762329102","1.7885736227035522","2.8057968616485596","2.488729238510132","0.0029459467623382807","-0.24376824498176575","63","4999",""
"ext_detached_cbe_ag/lpl_local_top-down_errCorr_a0.1_1T","0.1","10","1","1","ext_detached_cbe_ag","3407","false","true","5","false","false","false","2024-07-08T11:07:24.000Z","1602","2024-07-08T11:34:06.000Z","3iufdfs5","-","finished","2024-07-08T11:34:06.000Z","-0.00685160793364048","12.527347564697266","0.08583247661590576","0.01513596437871456","0.6674745678901672","0.5131708383560181","0.02414159849286079","0.5025942325592041","1.0747268199920654","0","0.015061700716614723","0.7001175880432129","0.7358593940734863","6.924431800842285","0.015443635173141956","0.6966893672943115","0.5691295266151428","7.756155490875244","0.012421774677932262","0.751943826675415","0.4857267439365387","15.51783275604248","0.013847100548446178","0.72431480884552","0.46438008546829224","5.968384265899658","0.013679931871593","0.7161945104598999","0.4797181785106659","8.801261901855469","","","","","0.014337791129946709","0.6589994430541992","0.5260124206542969","0.02380925603210926","0.5136452317237854","1.0830785036087036","0","0.014506426639854908","0.6941545605659485","0.752420961856842","6.836497783660889","0.01550173293799162","0.7044551968574524","0.5679805874824524","7.591761589050293","0.01209517102688551","0.7540606260299683","0.485945463180542","15.312504768371582","0.012159219942986963","0.7052854299545288","0.4997168481349945","5.813045978546143","0.012286555022001266","0.6981506943702698","0.5101469159126282","8.380213737487793","","","","","1.0973169803619385","1.0527695417404177","1.0469616651535034","4.759329795837402","4.66739559173584","4.728751182556152","4.32271146774292","4.449614524841309","4.425301551818848","224.84034729003903","219.4642639160156","219.67010498046875","10.179357528686523","10.169779777526855","229.87115478515625","8.850324630737305","0.9686191082000732","16.909748077392578","0.9556674361228944","0.4697","0.8392673134803772","1.3695852756500244","1.9430419206619265","1.6117249727249146","0.0027843485586345196","-0.3319469094276428","63","4999",""
"ext_detached_cbe_ag/lpl_local_top-down_errCorr_a0.1_0T","0.1","10","1","0","ext_detached_cbe_ag","3407","false","true","5","false","false","false","2024-07-08T10:45:30.000Z","1298","2024-07-08T11:07:08.000Z","bnyzu095","-","finished","2024-07-08T11:07:08.000Z","-0.006094939541071653","12.911778450012209","0.07869651168584824","0.015622055158019066","0.6923445463180542","0.4875180721282959","0.024141594767570496","0.5025944113731384","1.0747268199920654","0","0.015163048170506954","0.6803064346313477","0.7870426774024963","0","0.0148478290066123","0.6943020820617676","0.6410975456237793","0","0.01278230920433998","0.7648902535438538","0.49186745285987854","0","0.014295876026153564","0.7382512092590332","0.45737195014953613","0","0.014168811962008476","0.7369404435157776","0.4571256637573242","0","","","","","0.01313124503940344","0.6756167411804199","0.5216025710105896","0.02380925230681896","0.5136452913284302","1.0830782651901243","0","0.014634371735155582","0.6749009490013123","0.8066267371177673","0","0.015457740984857082","0.7052705883979797","0.624754786491394","0","0.012696192599833012","0.7719365954399109","0.4883619248867035","0","0.014361923560500143","0.7546945214271545","0.4401927590370178","0","0.012983511202037334","0.7361677885055542","0.4648157358169556","0","","","","","1.110215425491333","1.1822563409805298","1.0707422494888306","4.809629440307617","5.0360107421875","4.8322319984436035","4.396749973297119","4.069326400756836","4.4294328689575195","0","0","0","10.316595077514648","10.287593841552734","10.332408905029297","8.342242240905762","0.9596221446990968","17.953840255737305","0.9596467614173888","0.4645","0.8049686551094055","1.188595414161682","1.5024641752243042","1.1508618593215942","0.0026635718531906605","-0.406028151512146","63","4999",""
"ext_detached_cbe/lpl_local_top-down_errCorr_a0.1_1T","0.1","10","1","","ext_detached_cbe","3407","false","true","5","false","false","false","2024-07-08T08:02:51.000Z","1560","2024-07-08T08:28:51.000Z","5b85q3v9","-","finished","2024-07-08T08:28:51.000Z","-0.005242478102445602","14.481037139892578","0.07591652125120163","0.015440679155290129","0.6870682835578918","0.48871758580207825","0.024141602218151093","0.5025943517684937","1.074726700782776","0","0.01514662615954876","0.6825120449066162","0.7774935960769653","0","0.015664195641875267","0.692592978477478","0.6100396513938904","0","0.01243695616722107","0.7587710618972778","0.48674488067626953","0","0.014015902765095234","0.7334503531455994","0.4538304805755615","0","0.014038559049367905","0.7334518432617188","0.45584869384765625","0","","","","","0.009546928107738497","0.5770683288574219","0.6718149185180664","0.02380925789475441","0.5136452317237854","1.0830782651901243","0","0.014575625769793987","0.674508273601532","0.798155665397644","0","0.016086388379335403","0.7033898234367371","0.5986413955688477","0","0.011187671683728697","0.7348777651786804","0.524670422077179","0","0.011807114817202091","0.6893587112426758","0.5176576375961304","0","0.009535973891615868","0.6434881091117859","0.5967633128166199","0","","","","","1.1088451147079468","1.1170246601104736","0.965489625930786","4.790440559387207","4.886233329772949","4.536336898803711","4.3474016189575195","4.251348495483398","4.7907819747924805","0","0","0","10.24668788909912","10.254606246948242","10.292608261108398","8.227468490600586","0.9675832390785216","17.919214248657227","0.9619518518447876","0.4619","0.8270214200019836","1.2679669857025146","1.6555668115615845","1.2997547388076782","0.002740022260695696","-0.35768550634384155","63","4999",""
"base/base_negative_samples_local","","0","1","","base","3407","false","false","20","false","false","true","2024-07-03T14:48:13.000Z","3324","2024-07-03T15:43:37.000Z","12y58azv","-","finished","2024-07-03T15:43:37.000Z","0.041308946907520294","6.5496063232421875","0.27055734395980835","0.5551332235336304","-0.6789410710334778","0.2220633774995804","0.00008356302714673802","-0.6605716943740845","0.29692864418029785","0","2.7743141117753112e-11","-0.6751351356506348","0.2306103557348251","0","3.6850269363730703e-11","-0.6713929176330566","0.2163646370172501","0","4.999233915725654e-9","-0.6774932146072388","0.221456915140152","0","2.106291319137199e-8","-0.6799276471138","0.2214682251214981","0","0.00000696509778208565","-0.6766346096992493","0.2164906859397888","0","0.0006213366868905723","-0.6774817109107971","0.218737855553627","0","0.47665467858314514","-0.670028567314148","0.22312773764133453","0.00007420947804348543","-0.6545534729957581","0.29301542043685913","0","2.4552030547519976e-11","-0.671916663646698","0.22786669433116913","0","3.1082712792507294e-11","-0.6631770730018616","0.21451658010482788","0","4.017246979515221e-9","-0.6742608547210693","0.2256062775850296","0","1.7057145029752974e-8","-0.6747862696647644","0.22168175876140592","0","0.000005539678568311501","-0.6701709032058716","0.21556423604488373","0","0.000497800821904093","-0.6688702702522278","0.21729734539985657","0","0","0","0","-5.397578239440918","-5.588615417480469","-5.347764492034912","1.844120740890503","1.8378045558929443","1.8386762142181396","0","0","0","-3.553457498550415","-3.750810861587525","-3.5090878009796143","26.588693618774418","0.6070055961608887","3.969283819198608","0.8788296580314636","0.3672","0.19520437717437744","3.106781005859375","1.1577526330947876","1.550989270210266","0.0009165092487819492","-1.955276370048523","63","4999",""
"base/base_supervised_local","","10","1","","base","3407","false","false","20","false","true","false","2024-07-03T13:47:30.000Z","2521","2024-07-03T14:29:31.000Z","yptnn681","-","finished","2024-07-03T14:29:31.000Z","-0.025699764490127563","17.72265625","0.455468088388443","","","","","","","","","","","","","","","","","","","","","","","","","","","","","","","","","","","","","","","","","","","","","","","","","","","","","","","","","","","","","","","","","","","","","","","","","","","12.001267433166504","11.862102508544922","12.070033073425291","41.481197357177734","0.36295199394226074","4.3853440284729","0.7433691620826721","0.7227","0.14589321613311768","5.385629653930664","2.602824449539185","3.5623703002929688","0.0007504232344217598","-2.2568092346191406","63","4999",""
"base/lpl_local","","10","1","","base","3407","false","false","20","false","false","false","2024-07-03T12:42:15.000Z","3241","2024-07-03T13:36:16.000Z","wenzyifb","-","finished","2024-07-03T13:36:16.000Z","-0.0031087452080100775","21.06378936767578","0.06548195332288742","0.015741806477308273","0.7911185622215271","0.7506259679794312","0.024557074531912804","0.5042784214019775","1.06587553024292","0","0.01506741065531969","0.6813947558403015","0.7835902571678162","0","0.014576836489140987","0.694879412651062","0.6478073000907898","0","0.012705517932772636","0.7572608590126038","0.5014634132385254","0","0.013991073705255984","0.7349467873573303","0.4655722677707672","0","0.013778689317405224","0.7447337508201599","0.4562148153781891","0","0.015289729461073875","0.6813894510269165","0.5131844878196716","0","0.02247905731201172","0.9616657495498656","0.5798559784889221","0.023945828899741173","0.5103682279586792","1.0728875398635864","0","0.01495385728776455","0.67597496509552","0.7960814833641052","0","0.01454970706254244","0.6858495473861694","0.653465747833252","0","0.013964693062007427","0.7801450490951538","0.461104154586792","0","0.015828758478164673","0.7595813274383545","0.4169290065765381","0","0.02058518119156361","0.8596013784408569","0.2882523536682129","0","0.027939267456531525","0.8819748163223267","0.22974516451358795","0","1.2570815086364746","1.3159464597702026","1.5424634218215942","5.590002536773682","5.454118728637695","6.1151604652404785","5.184333324432373","5.08236026763916","4.498322486877441","0","0","0","12.031416893005373","11.852425575256348","12.155946731567385","23.434614181518555","0.9763478636741638","17.524585723876953","0.97066068649292","0.4538","0.7823254466056824","4.285844802856445","8.284865379333496","8.536656379699707","0.002588922157883644","-0.4435755312442779","63","4999",""